Retort_Temperature,Holding_Time,F0,Storage_Temperature,Storage_Day,pH,PV,TPC,O2,CO2,Moisture_Content,L_Value,a_Value,b_Value,Shelf_Life_Remaining
116.6,15.0,33.96,26.6,54.9,6.67,2.09,3.67,11.6,12.92,62.8,76.9,-5.0,24.4,23.5
117.5,25.8,33.21,35.5,92.7,5.36,8.06,8.93,2.13,19.31,41.1,30.8,0.4,26.5,5.4
117.6,17.6,15.35,20.1,11.2,5.93,4.03,1.47,11.43,8.74,58.7,55.7,16.0,9.7,64.2
124.0,22.1,11.48,16.3,17.9,4.22,4.03,2.28,14.71,1.66,50.1,49.6,6.9,26.7,62.4
112.7,27.4,11.9,18.2,29.9,4.38,6.64,1.3,15.68,9.39,48.5,38.6,19.3,23.1,55.6
129.2,17.1,36.66,31.2,51.7,4.03,6.34,3.29,1.24,11.16,71.2,79.3,-6.7,15.8,25.3
129.5,35.7,15.23,25.9,39.4,4.89,6.64,3.87,7.34,0.19,33.9,44.1,10.5,11.2,25.3
117.9,15.8,30.32,18.6,12.3,6.87,1.71,2.21,10.63,0.49,26.2,30.5,-8.8,26.2,61.3
119.2,27.3,11.32,41.4,108.3,6.5,6.11,8.17,0.83,19.13,66.4,39.9,-8.8,18.5,4.7
121.0,31.6,36.79,5.2,4.9,4.21,7.18,0.69,1.88,0.85,72.7,79.4,18.9,13.9,88.4
129.1,31.5,28.39,27.5,33.1,6.32,2.99,3.53,8.1,4.04,63.5,55.6,8.0,10.5,34.8
122.4,12.1,19.82,36.5,91.4,4.05,6.45,10.13,0.49,17.31,27.5,63.0,17.6,0.6,4.6
128.3,30.8,10.48,16.9,24.2,6.29,3.66,1.93,19.52,3.87,45.0,78.7,16.7,19.8,57.2
124.8,30.5,37.05,41.9,101.5,5.56,9.91,8.34,0.4,21.93,36.5,66.7,17.2,5.3,6.2
121.7,25.5,37.23,14.4,8.0,5.56,5.68,0.88,12.99,5.26,31.2,55.0,18.2,8.5,112.0
114.7,26.3,29.66,42.8,116.3,5.45,5.13,8.9,0.6,23.37,54.5,36.2,15.7,13.0,7.1
116.6,18.3,39.45,39.2,102.3,5.08,8.82,8.28,1.23,17.05,52.9,44.6,16.9,8.7,5.4
128.9,10.0,24.84,20.5,20.7,6.78,0.61,2.4,18.56,7.4,38.7,48.8,12.7,16.0,45.3
125.4,25.9,20.12,23.5,20.3,5.26,4.89,1.5,4.4,4.36,79.2,48.8,-0.7,23.3,51.4
122.0,27.6,27.16,8.9,1.5,5.1,3.92,0.8,11.27,14.07,55.0,31.0,4.0,0.3,112.1
119.0,30.3,15.11,40.0,96.1,6.33,6.39,10.52,2.54,16.3,34.6,48.8,-1.1,8.7,3.5
123.2,14.0,39.5,38.3,103.6,5.16,9.41,11.67,2.17,19.45,24.4,62.3,-4.1,15.0,2.3
118.5,12.6,31.38,42.3,101.2,6.68,8.77,10.91,0.97,24.29,54.8,53.8,7.1,7.4,7.3
112.6,36.7,28.38,37.7,107.6,4.56,5.35,8.64,0.73,16.55,69.9,75.2,4.1,0.9,1.4
129.3,25.2,30.44,39.6,111.4,5.82,9.23,9.22,1.88,23.94,68.4,48.0,11.8,15.5,2.7
125.6,25.2,27.9,19.9,27.6,5.01,1.49,1.64,4.57,10.52,57.5,49.4,15.7,6.3,72.4
116.6,13.2,23.2,35.6,104.3,4.97,9.24,8.24,2.8,19.02,74.2,75.6,3.4,11.5,4.2
128.5,17.9,12.94,42.1,119.7,4.13,6.3,9.82,1.27,21.02,58.4,57.2,7.9,16.9,0.3
120.7,22.9,31.79,41.4,112.8,5.79,6.02,10.55,0.31,24.97,52.1,74.7,-6.6,4.4,2.9
114.4,34.6,38.96,37.9,97.2,5.35,6.05,10.31,0.82,21.63,53.8,38.0,-0.4,12.5,4.4
110.1,39.3,28.74,34.7,33.2,4.15,2.9,2.82,10.06,12.52,24.7,71.8,-8.7,3.9,29.3
124.1,29.0,24.99,23.4,27.4,6.3,4.1,1.45,7.34,10.5,53.5,74.0,-3.7,19.2,58.7
124.3,17.5,31.4,39.7,97.0,5.41,7.28,9.35,0.23,21.45,22.0,35.5,13.9,24.7,4.8
122.8,12.3,17.59,33.7,42.3,4.93,4.83,4.17,15.62,12.49,52.7,74.8,19.0,1.3,20.1
112.8,33.8,16.83,9.2,6.6,5.07,4.17,0.48,12.89,14.61,41.2,47.3,3.1,20.6,108.0
114.5,31.8,31.42,7.8,2.3,6.57,5.27,1.0,19.8,0.67,60.5,43.7,1.8,19.2,88.4
125.0,34.9,12.39,23.1,15.2,4.09,1.79,1.15,19.06,6.02,44.9,42.1,-1.1,0.8,54.4
114.2,23.9,33.18,18.9,15.4,4.64,4.32,1.7,6.3,6.49,60.5,61.3,7.5,17.3,66.4
122.7,30.8,36.08,26.4,36.3,4.3,6.84,2.94,5.18,11.48,65.5,46.4,1.2,29.8,31.4
110.5,16.6,34.64,10.1,3.5,6.93,7.58,0.12,13.5,7.0,31.8,50.5,-8.5,2.5,112.0
126.1,10.3,33.64,42.4,102.9,5.18,5.03,11.95,1.18,20.86,25.3,59.9,13.9,15.1,9.6
122.1,25.0,24.26,17.4,20.6,5.19,1.59,1.72,10.09,10.73,77.4,36.8,-8.6,0.6,64.4
124.4,14.2,25.3,37.3,99.3,4.36,7.74,11.5,1.08,17.49,55.0,61.5,2.9,27.0,7.9
120.4,38.9,24.68,27.9,59.9,4.31,0.7,4.09,7.15,3.25,61.2,58.2,12.0,17.2,22.1
115.5,35.0,21.96,33.5,48.4,5.93,3.91,4.25,14.31,0.86,45.9,57.8,19.7,17.7,19.9
128.4,19.0,10.0,5.8,9.9,6.91,1.58,0.49,11.9,4.44,54.5,61.4,7.9,1.2,87.5
128.7,33.8,13.06,9.1,5.8,4.54,5.13,0.31,18.09,5.11,35.7,61.8,19.4,25.2,98.5
112.0,29.6,25.02,14.2,6.3,6.13,3.77,0.23,13.55,14.88,24.4,73.0,12.5,19.2,94.5
118.4,15.9,31.08,19.7,28.9,6.73,3.07,2.38,16.61,10.3,22.1,30.5,0.2,15.9,62.0
117.3,28.6,31.9,31.2,36.3,5.07,2.83,2.9,14.77,11.99,63.9,67.3,2.6,23.8,22.6
122.7,15.1,28.87,16.7,18.1,6.98,1.16,2.0,9.78,1.07,73.9,75.2,16.3,6.1,52.1
119.9,36.1,31.15,15.6,15.4,6.28,5.76,1.92,5.42,7.04,21.8,63.9,11.1,21.4,72.5
113.3,33.6,39.12,36.8,94.3,6.05,9.4,8.87,2.33,16.18,38.0,67.2,19.3,15.3,6.1
119.3,12.0,24.93,36.8,99.8,6.02,8.9,10.08,1.44,15.72,54.5,65.4,14.2,22.5,5.7
110.8,11.6,34.04,18.2,25.2,4.39,5.52,1.96,0.12,9.68,73.6,42.9,-1.4,29.6,56.3
123.3,13.5,12.84,18.8,20.6,5.22,7.84,1.74,14.96,4.93,51.5,71.9,19.6,0.9,71.8
122.7,33.8,20.17,4.6,9.2,6.67,2.19,0.67,16.74,8.52,72.4,69.9,-8.5,0.8,91.5
126.4,23.5,29.64,22.0,22.1,6.29,4.83,1.46,9.51,7.52,20.3,57.3,5.3,19.8,71.7
115.9,37.2,16.97,8.7,2.4,5.8,3.92,0.18,10.49,1.89,69.8,75.5,11.0,20.9,99.3
127.3,35.6,27.72,31.8,47.9,4.3,4.28,2.88,17.18,7.56,50.9,39.8,9.0,26.1,32.3
111.9,12.6,21.89,23.5,28.1,5.96,5.83,2.21,10.14,14.05,63.7,36.5,2.2,9.3,62.0
129.3,33.0,28.95,23.0,14.8,4.74,1.7,1.71,14.42,12.49,26.5,78.8,-1.1,22.6,50.0
122.3,15.4,33.52,18.8,29.0,4.4,3.19,2.36,10.56,0.08,51.3,68.7,12.6,1.1,63.9
111.9,33.5,21.84,8.1,4.0,4.03,7.72,0.41,4.23,12.35,50.0,41.0,15.5,28.8,113.1
121.8,17.1,20.69,25.6,53.8,6.04,3.22,3.47,6.91,2.27,67.9,32.7,-0.6,22.9,26.7
120.6,39.1,19.45,17.7,14.4,5.86,0.53,1.87,18.76,2.69,74.6,45.9,-6.0,14.4,74.7
123.2,38.1,33.84,10.1,8.7,4.5,5.81,0.13,11.32,4.41,36.8,38.4,18.2,10.2,100.4
113.3,27.9,30.97,28.2,34.7,6.96,7.49,2.67,9.86,5.93,24.3,54.7,7.0,24.2,26.8
112.3,31.0,11.91,35.1,116.7,4.85,6.2,10.5,2.59,16.83,50.9,76.2,4.1,24.6,6.6
112.7,26.4,38.83,10.8,1.7,6.15,4.17,0.83,9.19,4.61,67.0,68.8,0.4,17.9,94.0
123.2,16.4,25.68,6.8,7.7,5.98,3.04,0.56,2.51,12.28,52.8,33.9,14.9,3.4,103.1
127.5,31.5,24.17,32.5,59.4,5.0,2.25,3.25,10.41,2.8,52.8,37.9,17.1,20.5,22.7
125.8,15.7,11.58,33.3,55.3,6.21,1.82,3.65,11.06,2.38,44.0,40.0,19.6,22.8,27.4
120.4,24.1,33.07,5.1,3.2,4.67,1.71,0.58,11.02,8.67,44.6,46.5,-5.6,14.0,105.7
122.2,22.4,13.81,22.2,28.6,6.31,5.19,2.15,15.32,0.04,53.4,42.6,-6.4,23.3,54.3
116.3,17.8,18.59,38.2,119.4,6.93,8.84,9.89,1.82,22.29,32.8,34.5,7.5,27.0,9.2
117.3,25.5,33.85,16.9,14.8,5.91,4.89,1.23,1.6,7.79,60.3,78.6,-3.9,25.0,48.0
122.8,16.0,34.04,19.9,25.9,5.35,4.49,1.01,8.14,14.09,60.8,79.0,15.4,27.2,52.7
113.4,22.5,19.45,22.6,23.7,6.82,2.39,1.55,7.98,0.3,73.4,46.6,-7.7,15.7,74.0
119.0,29.0,38.24,26.1,38.3,6.54,7.97,3.56,11.15,1.77,68.3,32.0,7.7,27.9,21.3
110.8,35.2,17.87,25.1,38.8,4.05,6.22,4.09,1.39,8.05,42.6,67.5,17.0,14.8,24.7
120.8,32.4,12.13,7.5,6.4,6.3,5.1,0.66,14.96,13.48,35.3,39.0,17.8,10.3,86.6
126.6,14.6,18.57,14.1,8.0,5.74,3.38,0.22,1.74,1.25,60.0,65.9,8.9,4.7,117.9
123.5,35.3,35.78,34.1,54.3,4.43,4.06,3.43,15.83,5.33,62.6,36.6,18.3,14.7,29.3
129.2,12.2,23.68,32.7,59.3,4.28,0.49,4.33,16.14,9.27,50.9,76.8,18.0,18.2,25.7
118.5,11.8,13.94,4.9,5.2,5.59,2.21,0.16,6.84,8.66,65.2,74.9,0.3,13.6,104.0
110.8,12.9,39.65,16.2,21.9,4.26,3.82,2.12,8.05,11.59,49.1,64.5,1.2,26.2,73.8
118.6,12.8,39.17,29.0,49.9,4.06,3.11,4.22,14.61,14.27,68.5,30.7,9.7,18.4,32.1
123.1,16.1,13.63,29.2,45.9,6.85,6.56,4.3,2.4,2.78,32.0,75.5,3.2,7.2,23.6
118.8,16.4,21.2,28.6,31.1,5.15,5.68,2.77,16.19,4.9,38.4,37.7,8.9,18.5,19.7
116.0,12.8,27.5,29.5,55.6,5.55,2.1,4.12,10.89,7.33,48.8,32.2,-7.5,0.5,32.2
115.2,39.0,35.97,8.1,1.4,6.68,3.35,0.87,4.36,5.92,23.1,31.9,-8.3,26.7,118.8
118.8,31.4,38.72,10.5,8.4,4.0,3.93,0.13,16.55,2.34,34.8,45.4,17.3,2.4,107.7
129.1,28.6,27.12,44.0,93.5,5.56,7.23,8.65,1.6,19.26,55.7,62.3,5.9,16.1,10.0
122.2,32.4,17.77,26.3,42.6,4.18,7.88,3.97,4.02,0.32,60.9,33.7,-2.4,10.0,18.1
118.5,19.6,31.28,16.3,12.5,4.59,2.34,1.03,2.71,1.59,71.8,43.1,2.1,17.1,72.7
129.8,22.3,35.6,24.5,29.0,4.78,1.24,1.17,10.94,4.28,32.0,68.1,2.1,25.0,62.4
129.2,11.7,22.9,14.7,4.1,6.43,3.73,0.93,3.93,12.41,55.1,64.5,14.5,23.5,88.9
129.3,13.4,33.76,40.6,109.6,7.0,9.12,9.5,2.17,24.21,72.2,57.1,17.1,16.1,8.2
128.7,11.7,24.72,15.9,29.8,6.09,4.34,1.49,13.18,5.67,30.8,61.2,11.2,18.4,62.9
128.2,17.7,15.58,34.1,59.1,6.49,3.3,3.04,5.69,6.87,53.8,46.6,0.8,27.5,24.8
117.7,27.0,25.2,17.5,18.3,6.54,5.33,1.14,13.48,7.48,33.3,48.4,15.6,7.5,71.9
117.6,29.8,19.15,42.5,118.5,6.16,6.52,8.31,2.99,21.59,29.4,57.6,0.9,10.5,5.4
114.5,18.4,21.87,34.1,40.3,4.07,6.26,3.16,7.77,7.88,53.0,67.8,10.2,21.7,28.9
127.3,14.7,23.66,15.0,10.5,5.19,0.92,1.93,13.15,6.42,35.8,69.4,8.4,21.0,74.4
129.3,22.4,10.17,12.3,0.2,4.95,5.93,0.36,0.29,0.49,25.8,50.0,0.2,23.2,94.1
128.0,30.3,20.36,4.9,1.1,5.01,7.62,0.19,14.15,0.79,28.0,79.8,4.7,26.8,96.4
129.3,14.3,23.66,41.2,90.9,5.45,6.67,8.31,1.01,16.23,50.5,46.3,7.7,3.8,6.6
112.0,20.7,29.57,12.3,4.0,5.3,2.73,0.87,4.98,11.0,63.7,59.8,-7.3,23.4,97.8
129.2,24.5,23.62,26.1,39.8,6.25,7.4,4.18,19.83,2.87,71.4,53.0,-8.6,14.5,33.6
118.8,15.6,16.33,19.9,19.6,4.85,5.97,1.94,2.89,4.37,24.7,46.5,9.5,17.8,55.6
113.2,25.0,16.73,39.2,91.0,5.8,9.61,11.81,1.5,16.82,25.2,79.0,9.9,17.3,5.7
111.6,35.2,30.08,21.6,29.9,6.99,4.17,2.36,15.62,10.32,21.2,38.3,-8.0,23.2,65.5
122.5,35.7,36.31,6.3,7.7,4.66,4.9,0.91,16.51,12.08,33.2,33.4,1.0,8.8,102.6
113.5,18.5,30.19,14.8,0.3,5.91,5.89,0.65,14.75,0.63,78.2,77.3,7.9,14.5,93.0
125.4,29.9,35.9,20.4,25.3,6.13,5.71,1.33,0.82,12.66,27.9,51.4,7.3,12.6,50.0
118.5,27.1,38.6,34.3,55.9,4.63,7.04,2.96,13.15,2.11,55.8,33.2,8.8,29.9,24.1
112.3,13.4,10.93,11.4,7.6,4.78,6.14,0.72,6.85,10.07,74.5,63.6,10.0,14.7,86.4
123.4,33.0,11.31,9.0,5.6,5.1,7.03,0.88,1.69,5.32,60.5,45.8,19.3,29.7,115.5
123.9,32.6,23.91,27.0,53.8,6.62,4.77,3.6,2.08,7.04,71.3,62.3,10.9,1.1,31.3
128.9,21.4,37.29,25.1,53.2,5.81,0.42,2.57,11.51,5.64,64.1,79.0,-2.2,15.0,23.8
119.8,13.1,27.87,40.6,101.6,6.64,7.26,10.86,1.72,19.73,49.9,79.2,12.3,12.3,6.7
114.3,19.5,24.81,40.5,105.6,5.03,6.43,11.21,2.49,19.5,44.7,47.6,-7.7,0.6,0.0
111.0,15.8,17.34,20.9,18.5,6.91,4.51,2.24,2.91,1.06,35.2,36.3,-6.9,2.3,68.4
126.8,20.4,15.01,8.1,8.6,5.59,7.37,0.45,1.7,7.97,58.9,45.6,-8.8,17.1,93.8
125.0,19.5,26.91,43.1,113.5,6.07,7.94,8.01,0.3,23.27,29.7,65.9,5.4,26.8,8.5
122.3,24.8,34.87,40.4,111.6,4.51,5.86,11.89,2.53,19.9,72.0,36.0,12.5,3.8,7.2
118.4,10.1,32.43,31.2,56.6,4.04,3.84,3.4,8.18,14.77,35.1,57.6,9.2,18.8,28.4
114.5,26.1,38.6,41.1,94.4,5.47,8.84,8.53,0.64,21.9,67.5,36.7,-0.7,11.7,1.6
115.3,31.9,13.87,17.1,29.0,5.46,5.35,1.93,19.6,11.03,34.7,35.9,16.9,14.6,58.6
122.9,12.8,28.88,41.5,96.7,6.39,8.33,11.8,0.33,15.21,36.9,77.6,4.1,21.3,0.9
122.1,32.1,29.09,14.0,7.4,4.05,1.32,0.39,7.46,12.61,77.8,78.8,10.2,13.2,97.5
110.2,32.9,15.78,33.6,53.9,4.84,0.36,3.98,0.68,9.62,26.5,78.7,18.5,20.5,27.2
120.1,23.9,37.97,38.7,96.2,6.18,7.73,8.16,1.99,24.15,40.2,31.4,19.2,20.3,0.8
120.6,22.4,22.45,17.4,10.1,5.7,7.94,1.2,14.78,1.54,39.9,42.7,19.0,27.3,58.4
110.2,13.0,28.94,14.9,5.7,4.89,2.74,0.84,6.46,4.5,40.6,50.4,-0.5,15.4,91.4
115.7,23.1,13.5,21.7,29.3,4.34,4.18,2.44,17.24,9.71,30.5,43.3,-4.8,26.1,49.9
115.7,24.1,28.89,13.3,0.6,4.08,1.8,0.7,18.57,9.47,49.0,79.1,-8.3,8.0,102.6
110.9,23.7,16.39,33.3,59.1,6.02,3.66,3.12,15.48,4.07,47.8,75.2,-7.4,5.5,35.0
125.7,34.8,34.13,9.5,9.4,4.11,6.71,0.74,19.99,10.1,27.6,46.9,-6.1,15.9,102.9
113.1,17.9,39.56,40.0,96.0,5.1,5.19,8.55,1.76,21.83,58.2,33.5,-7.1,5.5,0.4
125.7,23.8,14.03,10.5,3.0,5.62,0.18,0.49,9.75,3.61,37.8,50.2,9.5,17.3,113.4
126.1,13.2,20.23,43.4,109.7,4.03,7.07,10.7,0.66,17.07,70.3,68.4,11.6,18.1,6.0
113.9,15.5,35.91,10.9,4.3,6.85,7.68,0.66,7.49,6.75,65.8,47.4,8.0,19.9,85.9
114.7,11.0,29.82,20.0,18.2,6.89,0.43,1.8,18.18,12.06,55.3,69.3,6.7,11.8,62.9
112.3,37.1,16.6,41.1,105.2,5.23,5.99,10.79,1.0,18.26,20.7,51.2,-7.3,3.7,8.9
116.8,27.0,21.33,15.3,21.2,4.82,2.5,1.27,14.51,6.4,73.6,43.3,2.9,3.8,74.0
110.3,37.0,18.31,33.0,53.4,6.07,7.23,3.22,0.45,7.76,56.5,30.0,-5.4,18.4,33.0
122.3,35.9,19.64,10.4,0.4,5.53,6.16,0.85,13.36,8.91,67.9,48.9,-8.1,24.7,108.1
112.7,13.7,21.81,35.0,52.7,4.11,5.55,2.93,13.69,0.62,37.1,42.6,-8.0,9.5,34.4
128.6,21.2,19.69,36.5,95.4,5.31,6.11,8.78,2.17,24.29,68.0,45.6,8.1,29.6,7.3
111.2,36.3,11.3,42.9,98.4,5.04,7.37,10.99,1.04,21.31,23.7,71.6,12.5,25.1,9.7
120.1,23.1,23.94,25.6,32.3,6.16,7.12,2.56,15.73,12.99,37.5,74.2,5.7,9.4,19.0
120.7,34.0,36.55,42.9,96.7,5.71,9.34,9.15,1.92,21.97,58.0,44.3,13.7,23.1,1.3
116.0,14.4,34.79,20.4,10.5,6.79,7.79,1.3,9.94,13.36,42.4,61.2,14.8,4.5,63.8
120.1,14.5,23.71,39.1,100.4,6.84,5.05,11.89,0.94,23.47,50.2,74.5,14.0,1.5,7.2
121.4,27.4,32.12,41.1,104.8,4.59,9.46,9.54,2.49,19.86,65.6,69.5,6.2,9.2,6.6
116.1,23.7,37.0,9.7,0.2,6.38,1.57,0.13,16.08,0.39,24.8,74.3,-4.1,17.3,91.1
126.8,35.6,31.21,9.8,7.0,6.45,6.59,0.11,10.03,13.36,54.2,75.9,2.3,13.5,117.9
115.1,21.7,25.5,11.4,6.1,6.22,3.29,0.11,4.64,11.08,38.9,44.2,12.8,0.7,116.8
127.2,11.8,30.42,16.3,17.7,6.08,5.69,1.46,6.33,8.97,51.0,50.9,8.4,3.2,66.1
128.9,13.4,14.29,12.0,2.3,5.49,3.84,0.8,5.22,4.98,72.8,39.0,-8.2,10.8,98.9
110.8,29.8,22.17,34.7,52.2,6.62,3.26,2.86,3.21,6.11,34.2,65.1,13.9,19.4,19.9
115.2,16.1,25.0,42.2,117.9,5.17,7.5,9.84,1.35,20.88,52.9,63.5,5.6,1.4,4.6
116.5,17.8,37.4,4.8,7.5,4.2,6.01,0.46,19.22,1.75,41.9,69.2,-6.3,29.9,107.3
126.0,23.7,11.99,9.0,4.7,4.17,0.17,0.29,5.54,8.26,41.5,39.1,9.9,29.3,111.4
117.8,20.8,17.19,42.2,99.3,6.32,5.54,10.56,2.38,19.62,47.3,35.2,17.8,27.1,9.5
130.0,33.2,38.98,25.2,40.3,5.76,6.11,4.03,9.16,3.42,55.2,61.2,8.0,24.8,31.8
111.2,20.7,15.68,26.7,49.1,5.62,7.88,3.93,6.77,7.9,21.9,63.4,1.5,28.7,29.4
115.7,38.4,11.62,24.6,22.0,6.58,5.43,1.67,6.81,0.18,36.2,79.7,3.0,11.2,67.7
118.3,36.5,25.34,12.2,3.6,5.06,5.65,0.31,3.5,7.39,31.1,41.6,-1.5,14.2,85.5
119.2,24.1,14.39,26.6,35.8,5.57,7.93,3.9,0.85,9.33,75.3,72.6,14.5,11.3,29.2
127.1,29.5,31.61,22.9,14.0,5.16,4.92,1.65,19.24,7.75,25.3,65.0,9.6,16.0,52.3
120.7,35.7,15.74,16.9,21.4,4.21,2.27,1.27,18.85,11.71,36.4,66.4,5.2,6.8,49.4
111.9,17.5,23.39,13.0,0.3,5.04,7.62,0.21,0.6,8.36,50.4,62.3,0.2,24.3,85.2
118.3,29.6,21.26,13.6,8.2,5.31,4.5,0.76,7.35,13.06,33.6,61.1,-1.4,27.5,91.2
121.6,23.1,31.71,34.5,48.3,4.53,4.33,4.0,17.1,12.65,45.7,71.3,-0.9,11.4,18.4
113.9,35.6,12.07,18.7,27.3,5.78,1.45,1.37,14.64,4.7,66.5,62.1,1.2,23.9,52.4
110.9,28.7,30.65,15.8,22.5,5.59,2.09,1.41,16.22,9.21,53.6,73.0,16.1,26.4,64.7
129.9,22.3,26.54,44.2,111.8,6.53,9.37,9.39,1.08,24.0,29.2,44.0,11.5,10.4,0.8
116.3,20.1,18.36,5.0,4.7,4.38,6.59,0.25,15.39,12.37,27.4,71.4,-0.7,1.0,102.6
128.8,32.9,16.41,18.4,24.8,5.15,5.79,2.02,13.74,2.17,65.4,34.5,6.1,11.4,69.5
120.1,39.5,20.42,9.4,9.1,5.29,6.88,0.69,14.83,2.03,25.2,59.8,4.5,12.3,116.4
124.3,21.0,24.17,4.1,2.5,6.55,6.03,0.89,19.95,0.16,71.1,42.3,-3.8,5.4,87.3
120.1,23.1,39.88,37.3,114.2,6.16,8.74,11.85,0.43,23.55,68.5,73.2,10.7,6.1,8.5
111.1,38.6,26.68,28.3,49.4,5.29,3.56,2.86,19.08,3.6,62.0,65.8,10.1,15.3,34.2
127.4,10.5,30.35,28.3,33.1,5.94,3.62,4.38,7.69,3.91,68.3,65.9,2.4,3.3,24.8
119.2,22.4,23.72,20.2,20.6,4.76,1.85,2.26,6.02,4.51,34.6,41.6,3.6,2.4,62.5
120.9,34.9,21.91,30.5,47.6,6.17,6.83,4.37,9.04,13.39,57.3,73.8,17.2,3.6,22.9
124.0,31.1,30.32,38.9,114.9,5.31,6.69,11.44,1.36,20.25,60.7,78.8,19.6,8.5,3.3
113.8,20.7,21.09,21.5,17.4,5.32,3.19,1.01,9.53,0.76,35.1,54.6,19.5,3.9,55.8
116.2,30.0,23.49,30.7,48.2,4.76,5.2,2.82,0.35,4.11,73.6,47.5,17.7,2.3,31.9
124.0,39.1,38.36,44.8,114.8,6.05,5.38,11.17,2.18,15.56,21.3,60.5,6.8,17.0,2.4
123.8,13.9,10.41,36.6,113.2,5.4,8.58,8.6,1.52,24.48,55.6,53.5,15.7,18.5,1.4
123.5,15.9,11.19,30.7,37.0,6.89,3.45,3.95,8.93,1.1,50.9,43.7,2.9,9.5,27.3
119.9,16.8,10.83,9.0,4.1,6.85,4.07,0.13,13.48,14.68,40.7,71.4,11.8,1.5,103.8
127.8,26.7,12.12,31.7,34.6,5.72,3.56,2.8,8.89,5.0,35.8,42.3,-4.6,0.7,24.8
111.4,15.2,22.23,4.9,0.2,6.45,0.69,0.14,14.49,8.46,56.0,69.2,-9.4,1.5,92.6
126.7,30.0,37.9,34.3,57.8,5.46,7.34,3.13,17.59,3.29,73.3,71.8,12.4,11.1,34.2
126.5,12.5,39.76,21.2,27.8,5.01,3.65,1.53,6.96,6.11,41.9,50.9,12.5,12.4,48.9
122.5,30.4,19.43,31.7,33.0,6.91,4.72,3.35,11.59,3.61,59.6,49.1,12.4,8.9,21.6
125.2,25.8,28.13,20.8,12.3,4.01,1.08,1.29,9.52,11.61,41.2,33.6,0.9,3.1,67.9
119.7,11.4,29.44,22.6,29.8,6.52,7.58,1.43,0.6,13.87,54.4,55.9,2.3,21.5,70.5
112.9,12.2,27.95,15.2,26.2,6.36,7.12,2.45,12.24,12.2,68.7,75.3,-5.8,26.7,65.3
122.1,17.6,27.21,42.8,104.3,4.44,9.43,10.6,2.39,16.0,36.7,70.2,-0.0,13.0,2.6
115.7,25.0,33.83,27.4,43.0,6.27,2.79,3.27,11.8,8.28,36.0,73.9,-4.2,14.7,31.4
118.0,17.8,32.86,8.8,6.5,4.04,7.63,0.76,13.34,1.26,22.4,47.2,0.1,4.0,116.5
119.4,17.9,29.14,18.1,12.6,4.29,1.34,1.73,1.97,5.97,79.1,69.0,-7.1,28.2,52.4
126.3,19.0,11.63,5.5,9.7,6.52,3.46,0.83,1.24,6.4,45.1,49.1,7.5,9.5,115.0
119.4,10.7,16.85,29.8,42.8,4.85,7.02,2.63,13.53,8.75,63.4,31.2,-1.6,6.0,30.8
115.5,24.9,31.07,11.8,9.2,5.48,5.03,0.37,18.56,9.21,61.6,32.5,12.9,28.9,97.5
123.7,36.2,23.69,41.0,119.6,6.66,8.28,9.76,0.91,17.53,77.4,60.4,11.1,1.6,7.3
120.9,38.6,26.49,34.9,48.7,6.29,1.75,3.87,10.64,12.73,29.0,39.1,3.6,16.4,33.2
121.0,15.6,25.42,41.0,113.9,4.95,8.27,9.4,2.21,21.68,65.3,76.5,-1.8,18.1,1.9
126.9,12.4,36.5,9.9,9.9,5.52,4.11,0.8,18.41,5.88,77.6,79.3,8.1,27.8,119.7
118.8,18.4,26.58,14.6,6.1,5.69,5.1,0.47,1.58,7.18,29.5,47.6,12.3,2.0,91.1
120.3,36.1,16.18,41.6,109.3,5.42,5.2,11.05,1.62,16.6,20.6,31.2,15.6,7.6,2.9
114.9,16.3,29.11,15.5,26.5,6.43,6.05,1.62,5.78,10.35,70.9,66.3,6.4,28.4,57.7
125.2,35.5,30.65,38.9,98.8,5.66,6.24,10.18,1.73,22.71,21.7,36.7,19.6,29.4,5.7
129.3,36.3,11.73,10.8,8.7,4.67,0.91,0.3,19.79,2.45,48.9,36.9,-7.4,16.3,116.0
129.8,14.8,15.59,37.8,99.7,6.69,9.14,11.23,2.46,15.11,59.8,39.9,-5.8,10.8,3.5
122.3,26.5,18.55,34.9,52.6,5.88,5.0,4.39,12.59,2.94,22.9,58.8,14.4,27.0,24.4
121.4,20.7,22.35,20.0,27.2,4.04,3.86,2.04,15.83,10.26,25.7,36.9,5.8,12.8,60.0
114.9,30.3,23.07,16.6,21.2,6.07,0.76,2.14,1.87,6.03,35.2,57.6,14.3,8.0,70.3
129.7,25.7,24.27,7.8,5.7,6.85,5.78,0.75,11.59,8.83,69.6,51.8,-6.5,25.3,107.7
112.3,37.5,11.71,20.5,16.4,6.59,1.97,2.01,14.45,2.83,66.3,46.1,-6.2,2.4,52.6
116.2,16.1,17.63,13.9,6.9,5.25,1.67,0.78,16.13,5.99,20.8,43.4,-5.1,29.6,106.3
122.2,26.8,12.61,12.4,9.3,6.51,4.87,0.41,19.81,6.47,60.4,63.2,0.3,14.3,88.1
112.6,37.2,11.06,44.9,103.3,6.21,8.35,8.44,0.96,24.56,24.4,66.0,19.2,14.4,6.1
121.0,32.7,36.48,36.4,116.5,6.14,8.69,10.25,1.65,15.44,27.5,33.3,19.4,5.7,9.5
122.0,21.3,17.63,25.9,36.5,5.26,1.28,3.68,9.71,12.57,30.6,64.4,1.8,0.4,22.5
114.7,23.5,34.65,19.9,24.4,4.6,0.17,2.2,19.01,12.34,67.4,64.0,5.3,25.9,52.1
118.0,10.4,20.5,22.1,21.9,5.97,3.49,2.33,17.13,2.07,30.1,65.7,-8.4,12.4,53.7
112.3,35.3,13.78,39.2,119.7,6.0,8.86,8.77,2.28,23.73,76.6,71.6,4.8,29.1,7.0
123.8,12.5,27.24,29.9,47.9,4.09,3.8,3.48,16.38,13.85,45.7,41.1,-7.8,19.0,32.3
128.6,33.9,36.84,33.7,58.3,6.63,2.53,4.01,5.31,14.84,68.8,67.9,10.5,16.2,21.1
128.5,25.0,29.5,42.8,99.0,5.62,7.94,11.1,0.09,19.53,38.1,74.8,-2.7,0.7,9.3
113.7,27.4,25.77,37.3,118.6,4.24,8.56,9.0,0.76,15.15,20.9,60.9,8.3,26.7,3.0
119.2,18.2,24.46,40.7,113.9,4.16,7.52,11.0,2.39,22.27,74.8,76.8,9.5,19.1,0.1
115.2,24.0,15.76,36.1,110.9,5.53,8.74,9.64,1.83,19.53,77.9,47.3,-9.9,29.3,1.0
123.5,28.0,18.7,21.1,12.3,6.93,7.35,1.87,18.3,6.63,71.5,48.3,7.4,22.4,51.3
121.2,37.4,24.65,27.4,35.6,5.47,7.13,3.53,2.49,3.5,51.8,40.2,-5.3,1.9,26.4
113.8,37.8,10.29,29.1,48.4,4.1,3.04,4.06,6.15,8.93,37.6,77.1,2.8,1.3,32.6
127.9,19.0,10.3,9.8,6.0,5.19,3.53,0.48,16.76,1.03,55.0,43.5,-2.4,20.8,88.8
112.8,30.1,17.37,22.2,28.5,4.72,2.54,2.2,12.1,5.45,20.0,76.3,6.2,12.5,62.9
125.2,34.4,25.73,15.6,17.3,5.62,6.21,1.97,9.92,14.83,53.5,48.0,7.1,24.9,69.7
111.2,17.4,15.99,38.3,99.2,4.83,7.89,11.76,1.3,21.39,65.0,72.5,8.2,4.2,7.5
121.9,36.7,17.09,43.2,110.8,5.26,7.24,10.05,0.2,15.03,65.2,54.3,17.8,6.7,7.3
117.5,22.7,31.45,35.9,116.2,5.33,7.51,8.23,1.99,24.69,48.0,57.9,16.6,26.0,0.6
111.8,17.4,17.01,19.0,24.0,4.46,1.79,1.53,15.42,5.78,48.6,68.8,-5.4,25.5,59.6
114.0,21.0,27.06,31.8,48.0,5.23,2.95,3.07,1.54,9.76,66.5,67.3,2.9,27.2,32.3
119.2,34.6,30.78,13.8,7.0,6.63,2.1,0.85,3.09,6.17,70.5,30.3,16.4,25.0,113.3
114.7,10.7,29.34,39.2,92.4,4.07,6.23,10.43,0.06,22.26,61.0,32.8,3.6,11.8,6.8
120.5,30.6,13.81,16.7,26.2,4.93,0.85,1.28,12.67,8.93,40.0,38.9,8.2,25.1,71.0
129.1,38.8,28.87,35.0,59.7,6.61,1.55,4.02,7.28,10.46,21.9,31.8,8.3,29.1,31.8
111.2,17.8,39.71,33.9,40.1,6.21,7.33,3.45,14.6,2.21,78.0,53.4,12.7,1.0,28.4
114.3,11.9,36.76,8.2,9.6,4.47,4.8,0.66,13.27,7.88,49.3,36.6,13.9,27.3,85.6
123.1,23.4,11.56,18.5,13.8,6.41,7.37,1.96,8.05,5.33,53.0,47.5,12.9,13.5,63.1
124.6,19.3,33.61,33.9,50.5,5.26,7.26,3.28,4.61,1.46,62.5,54.4,12.6,7.0,29.7
128.2,27.8,33.52,39.5,115.7,6.78,9.35,9.71,1.81,23.63,62.4,48.1,10.1,28.1,4.9
117.5,33.5,18.68,43.6,112.8,6.06,5.54,9.57,2.05,15.58,62.8,61.5,19.6,8.7,0.7
119.0,16.1,24.5,12.8,6.9,4.85,1.83,0.29,2.86,1.43,56.3,55.6,16.0,6.8,94.8
119.1,37.9,12.49,22.1,12.4,4.85,7.47,1.9,11.79,7.47,78.6,54.4,-3.1,21.0,51.3
126.5,19.3,33.56,32.8,59.7,4.84,2.02,4.03,15.2,12.87,43.8,58.7,0.5,14.8,28.7
118.0,15.0,22.92,44.3,112.8,5.5,5.8,10.19,0.67,17.66,28.1,78.6,-0.9,7.1,4.0
129.7,39.7,13.67,42.2,119.2,4.85,9.58,9.94,1.23,24.49,65.8,66.8,11.2,15.7,2.0
128.9,38.6,35.88,23.0,19.1,4.76,4.63,1.19,6.59,7.65,53.9,36.3,-8.9,28.6,57.5
122.4,37.3,24.67,7.6,1.7,4.87,3.57,1.0,17.2,0.76,58.6,71.0,-2.8,29.3,85.2
129.0,15.7,27.97,32.2,36.0,5.7,2.8,2.77,6.01,3.41,49.8,73.8,2.3,15.3,31.3
110.2,31.4,30.45,34.9,37.5,5.76,0.51,2.53,16.72,1.7,52.1,33.6,13.7,9.8,27.3
126.9,18.9,19.53,6.2,9.3,6.11,4.11,0.82,3.26,2.62,55.6,47.1,-5.4,19.7,90.7
126.8,28.1,13.42,5.1,4.5,5.14,0.7,0.94,8.85,0.76,38.9,76.6,3.3,26.6,86.6
115.9,30.8,38.43,14.7,8.0,6.26,2.64,0.68,16.03,8.34,30.7,39.5,6.2,18.3,107.3
116.6,20.2,25.65,40.8,113.5,6.82,7.97,8.61,2.19,24.79,41.5,74.8,-4.0,20.9,5.3
113.0,35.2,36.38,27.5,55.5,6.29,7.57,3.6,3.8,6.0,64.4,48.3,19.4,13.1,32.8
119.2,20.5,39.91,41.2,98.0,4.58,8.73,10.28,1.58,16.21,78.3,71.5,9.6,17.6,8.0
113.5,39.9,38.15,37.5,92.6,6.31,7.71,8.86,1.79,21.57,68.0,65.3,-3.7,16.0,9.8
120.0,26.2,38.51,37.0,96.6,4.26,7.82,11.92,0.91,24.69,39.8,67.3,13.3,15.7,9.1
113.3,27.5,18.11,12.2,8.8,5.66,2.23,0.3,15.14,6.1,54.0,37.4,5.1,7.3,116.7
113.4,13.7,36.91,42.0,119.2,5.49,7.31,8.67,2.37,20.94,64.4,70.7,7.7,3.9,9.1
118.8,23.3,19.78,41.1,112.1,6.54,7.71,9.91,0.65,16.45,22.5,34.5,0.6,11.6,9.4
117.2,28.5,32.06,37.8,100.0,6.86,8.89,10.08,0.42,17.01,38.4,52.0,-1.6,11.4,5.1
127.6,39.3,19.96,37.3,101.4,5.15,9.99,10.21,2.71,15.02,51.3,34.4,11.7,5.5,9.5
127.4,12.9,29.92,15.5,19.2,4.18,2.78,2.11,16.19,5.19,78.7,70.7,5.7,27.0,46.3
118.5,18.3,14.46,9.5,0.8,4.11,0.56,0.35,18.54,3.39,54.3,76.4,13.0,21.8,102.2
113.8,19.0,15.15,22.4,20.0,6.82,5.23,1.13,14.08,10.83,69.1,60.1,5.8,22.6,69.4
110.5,25.6,17.78,12.6,1.4,4.69,7.53,0.24,10.76,9.93,76.2,55.3,12.2,10.4,110.4
118.2,35.1,13.75,38.5,91.8,5.22,6.78,8.46,2.82,24.21,62.1,48.3,-5.6,22.9,7.2
117.8,29.3,11.79,4.1,4.5,4.36,7.08,0.71,10.01,12.13,55.1,45.2,0.7,9.5,106.8
125.7,10.1,33.33,40.1,99.3,5.87,8.54,9.47,2.11,21.41,32.5,67.9,19.0,9.0,7.9
119.4,10.2,15.73,16.9,15.0,5.33,5.29,1.09,10.64,5.15,77.4,76.4,5.3,24.8,67.1
127.7,15.8,18.9,38.6,96.9,4.64,7.94,8.71,1.06,18.32,70.6,72.9,17.5,21.7,3.6
123.0,31.8,22.66,4.5,4.5,6.97,2.01,0.88,7.1,9.18,23.4,33.1,11.8,6.8,90.6
114.6,24.7,37.64,42.5,111.0,5.45,7.36,8.97,2.14,20.11,75.7,60.1,-3.5,8.9,8.5
123.6,11.9,37.46,31.1,45.1,5.13,7.16,2.64,16.72,9.68,35.0,34.9,3.2,22.5,22.5
128.4,36.2,33.67,32.9,36.4,6.45,3.35,4.23,11.76,6.96,60.9,62.2,0.5,19.2,27.8
118.7,16.6,13.05,25.4,34.8,5.67,5.67,3.86,3.42,7.43,76.1,36.1,19.9,2.7,21.6
117.5,19.2,36.46,42.5,110.6,4.73,7.27,10.37,0.76,22.7,67.0,54.1,18.5,16.5,9.7
126.0,32.4,25.68,39.1,116.8,6.22,5.36,10.14,0.34,15.73,69.1,56.6,5.6,18.9,2.9
128.7,15.6,26.14,25.9,42.1,6.7,7.9,3.12,12.88,13.98,41.5,34.2,12.9,3.2,34.1
123.4,19.8,26.49,15.7,10.6,6.94,0.37,1.86,11.56,8.67,79.5,61.2,5.4,11.6,50.6
129.0,25.0,20.39,18.7,19.2,5.36,0.79,1.32,7.37,0.51,56.4,61.0,3.3,27.7,75.0
129.9,26.7,19.44,44.5,118.9,5.96,9.13,8.1,2.9,19.61,60.5,57.6,18.9,22.4,2.3
111.8,30.5,19.17,26.8,49.0,4.82,5.45,3.68,15.38,2.05,65.1,46.9,5.3,8.1,21.5
122.9,21.4,16.78,9.3,9.9,6.8,6.28,0.71,5.31,10.24,63.9,57.2,-1.5,19.4,118.4
123.1,36.8,10.11,8.3,2.2,4.16,2.25,0.46,13.24,7.5,21.5,70.4,10.8,20.1,107.5
115.5,26.2,15.36,42.6,108.4,4.63,6.63,11.33,2.16,21.32,40.6,62.9,3.3,21.4,4.0
115.1,18.0,30.91,32.0,41.7,6.27,3.67,3.08,14.31,14.46,63.7,73.8,16.4,9.4,29.7
118.1,16.2,11.76,20.4,20.9,6.66,6.83,1.65,8.82,6.76,59.3,48.5,0.9,6.8,56.1
121.6,35.8,25.09,12.9,4.2,6.59,1.44,0.71,5.55,9.38,28.4,62.3,3.0,24.8,85.5
120.0,28.9,15.07,23.5,21.8,4.12,1.24,1.65,11.51,12.43,53.6,66.4,12.5,26.2,50.3
120.2,33.8,26.11,44.9,99.1,4.87,5.76,10.24,0.01,15.14,68.1,66.3,-6.5,27.7,5.5
119.5,38.4,17.82,20.1,13.1,6.36,2.67,1.09,16.38,11.66,67.1,33.2,3.1,6.4,46.0
121.8,22.8,36.02,15.2,21.1,6.92,3.05,2.15,6.08,0.71,56.4,70.7,9.5,13.4,58.4
120.5,25.9,18.91,27.8,40.1,6.82,6.75,2.97,15.87,0.74,35.4,41.5,19.0,9.4,22.1
116.2,39.6,31.92,19.9,15.1,5.94,1.4,2.39,16.93,1.03,74.2,71.9,-8.0,29.3,65.2
122.9,37.2,16.22,21.5,26.1,5.34,7.44,1.23,12.97,12.7,50.2,78.6,-3.9,18.6,71.4
127.5,28.4,33.89,32.2,56.1,5.96,7.6,3.5,3.81,8.48,20.8,43.3,17.2,10.5,24.4
129.5,22.8,16.01,6.8,8.1,4.56,2.76,0.63,12.55,2.24,50.3,73.1,15.6,9.3,90.9
128.1,23.3,22.79,32.5,44.0,5.47,3.93,2.62,12.06,10.8,64.3,74.0,-2.9,19.0,32.8
117.8,13.4,23.31,25.1,55.8,4.46,5.9,3.35,7.27,0.71,38.0,43.1,-4.1,18.8,33.7
110.2,28.6,33.34,40.8,98.3,5.05,9.09,10.96,2.64,15.56,46.3,43.4,-9.7,11.1,4.5
111.7,29.6,23.09,18.2,13.0,5.98,3.61,1.23,11.3,10.59,53.5,50.9,-6.1,14.6,53.6
121.4,19.4,22.66,25.8,37.3,6.89,1.54,2.94,18.65,9.59,73.9,76.7,-6.1,24.2,20.9
114.7,11.4,15.67,27.4,54.3,6.68,1.25,2.6,0.45,2.1,78.7,37.1,17.3,19.2,34.2
116.9,33.0,12.37,38.7,108.3,4.81,6.99,8.78,0.66,24.94,33.8,75.1,8.5,8.2,5.1
123.9,22.3,23.69,11.1,9.1,5.55,3.32,0.51,3.12,13.99,55.1,49.7,-3.9,10.0,110.5
129.8,16.1,26.16,42.9,90.6,6.25,7.26,10.2,0.81,20.73,39.8,60.2,-5.1,28.2,2.4
116.5,34.6,37.79,4.2,9.3,5.0,0.65,0.31,4.76,3.9,31.1,79.6,7.3,23.3,110.9
122.3,20.6,14.29,10.7,7.2,6.19,6.45,0.34,1.0,11.91,60.2,75.3,-0.2,26.3,104.0
128.6,39.4,39.9,39.2,109.7,6.86,5.73,10.36,1.11,22.17,23.8,78.5,9.6,1.1,7.6
113.3,32.2,29.35,25.5,50.1,4.06,0.79,4.47,19.63,10.67,42.5,72.7,7.4,25.4,29.1
128.0,14.6,17.27,35.3,117.4,6.11,7.18,11.36,2.71,23.25,51.7,79.2,15.1,21.3,6.1
113.4,29.3,15.65,32.6,46.5,4.91,2.17,3.28,3.92,12.45,68.1,38.9,18.8,23.7,23.3
114.2,29.3,33.83,23.4,11.5,5.14,4.57,1.72,8.04,6.28,21.8,35.4,6.9,24.0,45.5
129.5,27.0,12.36,34.4,50.0,6.19,6.01,2.98,12.14,0.5,39.4,30.2,-3.9,24.2,23.2
112.4,27.3,38.92,11.3,9.4,6.36,1.37,0.41,4.6,8.16,68.0,32.7,15.3,9.4,104.9
116.5,23.1,24.58,14.5,4.4,6.89,0.82,0.97,0.63,3.83,62.1,35.5,11.9,20.8,113.3
117.8,14.9,24.59,15.8,14.9,5.12,4.96,1.03,16.03,5.82,20.1,60.1,0.5,28.3,50.2
120.4,26.1,13.17,19.0,11.7,6.87,4.14,2.05,15.84,2.01,60.0,64.7,9.9,18.5,58.0
125.8,12.5,18.68,12.5,4.3,4.57,0.66,0.74,11.27,14.85,55.7,50.4,5.6,13.3,107.6
120.1,11.2,12.97,16.5,15.0,5.35,3.83,1.62,18.18,6.61,39.7,35.4,4.1,28.4,72.3
126.8,15.2,11.04,31.9,57.4,6.44,1.21,3.94,6.65,14.64,21.7,68.9,13.5,3.2,29.6
122.0,34.9,25.67,40.5,98.6,4.03,7.16,9.24,0.51,17.8,33.1,45.0,2.9,10.2,1.7
117.7,10.2,12.17,25.0,54.3,6.11,6.25,3.15,6.88,8.97,67.1,53.6,13.7,20.6,24.0
111.9,39.9,38.7,28.6,33.3,4.75,0.21,4.29,13.67,13.76,61.2,74.6,7.5,7.7,27.5
127.9,29.5,35.02,7.9,7.0,4.69,0.7,0.29,10.2,14.83,24.6,48.8,8.5,3.1,86.3
113.6,14.4,22.74,28.1,54.1,4.57,6.18,3.17,16.12,13.42,53.2,76.3,-0.9,9.7,34.7
124.7,13.4,21.32,10.9,6.6,6.61,6.54,0.88,17.69,11.88,45.1,45.0,4.3,1.5,87.5
116.6,18.4,15.32,35.0,113.3,6.93,9.92,8.36,1.9,19.1,35.2,75.2,13.9,3.5,8.7
122.2,38.7,20.86,8.3,5.4,6.47,3.4,0.24,17.16,4.9,52.4,39.9,19.0,14.6,91.0
118.6,32.5,15.27,20.6,20.4,4.35,2.14,1.6,4.64,14.19,46.7,71.0,16.3,4.0,48.0
113.0,24.9,39.82,6.6,0.8,6.76,1.37,0.69,6.56,8.61,23.3,50.9,5.1,24.0,104.2
113.5,16.6,38.95,27.3,44.7,4.09,4.25,2.69,18.15,13.51,61.1,76.1,-2.3,4.3,26.7
128.8,20.5,18.6,26.3,59.6,6.73,0.89,3.79,8.13,4.58,21.3,51.2,5.1,22.5,27.0
121.9,25.1,25.44,34.5,46.9,5.85,1.99,3.0,15.79,6.58,46.7,41.7,-5.8,18.8,19.2
121.6,32.1,17.27,20.4,17.4,5.41,4.57,1.36,13.97,14.08,48.3,48.3,-3.1,15.9,52.0
120.7,37.8,35.31,25.5,46.5,6.47,0.27,3.77,16.56,11.62,73.8,74.4,-5.5,2.5,34.7
128.0,23.9,25.9,22.6,24.5,4.56,2.87,2.39,9.85,2.86,27.5,60.3,3.5,13.2,62.7
122.1,23.8,26.24,4.2,1.2,4.49,6.65,0.84,8.37,2.56,72.5,57.2,-0.2,0.9,103.5
119.6,23.7,15.22,22.4,12.0,5.41,2.19,1.03,4.23,2.82,56.7,55.3,19.0,4.2,57.0
121.2,23.8,27.2,34.4,51.1,6.9,5.78,3.0,9.72,6.36,33.2,48.5,17.4,8.9,26.4
124.2,39.0,12.06,43.8,90.4,4.58,9.26,10.13,1.28,23.44,80.0,36.1,15.1,4.6,9.6
114.9,29.4,14.76,39.4,92.9,4.96,7.54,11.08,1.21,22.86,74.7,51.4,13.2,28.4,4.7
111.1,17.5,23.69,28.9,53.7,5.32,7.91,4.31,4.17,8.46,66.1,49.5,-1.5,19.9,20.2
115.4,26.2,17.25,26.3,44.6,5.97,3.5,2.53,5.3,12.76,67.9,41.6,-3.6,0.6,25.7
119.9,29.1,30.6,4.6,1.8,4.05,4.74,0.35,13.94,5.77,25.2,68.3,-4.4,9.1,87.2
118.7,38.3,22.22,24.5,24.9,6.03,6.61,1.86,15.1,3.23,32.2,77.6,-9.2,11.7,49.8
110.9,20.7,13.24,9.4,7.0,4.6,3.24,0.33,0.78,2.59,51.9,63.4,16.4,12.9,104.1
116.6,25.4,29.07,36.1,111.7,6.61,5.58,11.74,1.23,18.19,79.8,75.9,0.3,14.5,8.5
128.7,15.9,28.17,12.9,8.9,4.15,5.23,0.66,5.57,7.26,29.8,38.4,-0.9,26.9,93.5
121.4,16.2,31.47,40.2,95.4,5.82,8.3,11.82,1.98,16.88,43.8,66.5,19.5,21.5,1.6
129.1,28.8,31.5,37.9,103.6,6.54,6.74,8.73,0.37,17.4,57.6,32.2,19.9,8.9,5.2
129.6,25.1,38.42,34.7,53.5,6.69,3.19,3.62,7.99,0.09,32.1,65.0,-6.3,22.1,30.0
110.6,18.7,18.14,25.8,58.8,6.63,4.31,3.29,11.23,13.97,20.2,79.8,14.2,28.5,32.0
116.5,13.3,32.77,30.0,43.1,4.21,1.56,4.27,14.33,10.06,55.7,71.1,3.5,16.0,20.4
121.5,21.5,32.0,37.7,102.2,6.99,7.91,9.5,2.29,15.95,24.0,43.6,12.3,3.5,6.6
127.0,18.6,20.18,38.9,92.2,6.39,8.88,11.91,1.77,19.95,28.9,71.9,1.3,20.4,5.8
124.5,35.3,23.3,41.2,107.2,6.99,5.82,9.96,2.55,23.54,72.5,41.7,1.4,21.8,4.1
123.9,35.5,36.65,13.6,2.6,5.56,5.51,0.74,2.88,1.81,69.7,61.6,3.1,21.5,89.8
122.7,36.0,35.32,40.9,118.4,5.5,7.34,8.8,1.97,15.31,46.3,71.9,-4.3,3.2,7.5
129.8,20.4,35.73,38.2,91.9,5.57,9.7,10.55,2.54,24.94,34.1,43.1,10.8,17.5,5.4
118.6,23.8,17.52,34.9,42.8,5.42,2.7,3.19,2.37,5.23,69.1,35.5,2.1,17.5,32.2
111.7,29.8,13.87,33.2,50.4,4.44,7.66,3.69,7.87,8.14,30.0,68.6,17.2,2.4,32.7
125.8,20.9,16.8,30.7,39.9,4.84,1.1,3.73,3.82,0.44,29.5,65.6,-8.6,15.7,28.2
120.9,12.4,32.23,8.8,5.4,6.16,2.19,0.45,15.08,1.35,66.8,46.7,-8.8,7.3,104.1
117.5,22.8,11.6,35.6,104.3,6.64,8.72,10.03,1.49,18.21,53.5,40.6,4.0,1.4,2.7
113.8,37.0,26.26,35.3,116.8,5.36,8.31,8.25,1.01,21.9,24.4,73.5,-8.1,18.8,0.8
112.4,26.2,18.14,6.0,2.2,4.49,2.24,0.76,16.69,0.21,79.5,77.4,4.2,10.7,107.2
121.3,19.3,10.41,26.1,59.5,4.93,7.48,2.93,17.79,10.03,21.6,32.2,-3.8,1.9,18.7
119.6,12.4,22.25,23.9,12.0,4.54,0.2,1.05,13.8,14.74,68.9,30.1,-4.1,17.1,66.5
114.7,35.0,16.35,25.1,43.3,6.87,2.79,4.26,4.48,8.09,59.4,48.1,-10.0,27.8,18.5
129.1,13.4,17.03,36.6,101.0,5.75,8.32,8.52,0.66,19.91,78.5,35.5,-6.9,28.0,0.2
120.7,12.2,36.53,22.7,25.8,6.99,0.49,1.45,0.47,11.87,49.5,72.9,19.2,19.4,63.9
115.9,29.3,36.22,37.3,94.7,5.14,8.41,8.08,0.27,24.11,28.2,53.2,-8.4,25.6,9.8
113.5,17.9,28.26,21.2,12.8,4.0,3.6,1.8,4.84,10.43,21.9,65.4,-4.5,8.6,63.8
110.2,12.5,21.6,12.9,5.9,4.85,5.6,0.26,15.92,0.77,29.8,79.7,12.7,8.2,98.0
129.2,34.1,31.23,44.3,111.7,5.91,6.65,10.87,0.04,19.77,29.8,61.7,1.2,25.7,4.8
126.9,38.1,28.7,35.3,113.6,4.78,8.1,10.81,1.43,17.54,78.1,79.1,2.4,12.6,7.2
125.2,12.0,11.39,29.0,36.3,6.05,5.86,3.02,12.77,13.01,73.9,36.8,-6.6,26.2,30.4
110.1,20.7,34.84,33.1,56.9,4.56,6.7,3.02,2.46,8.66,36.2,46.0,15.7,16.4,24.8
118.2,33.7,22.39,22.1,17.0,5.32,3.36,2.41,2.15,10.06,25.4,60.8,-0.1,19.5,48.2
117.0,14.1,37.74,42.1,112.0,6.42,9.53,10.91,2.32,19.34,36.5,53.9,-5.7,0.7,4.3
121.5,39.3,14.94,42.8,107.0,4.61,7.9,10.46,2.93,18.65,61.2,55.3,-8.7,23.1,6.5
113.5,19.1,12.31,11.4,4.8,5.63,3.02,0.7,4.74,13.35,75.3,42.3,18.1,8.3,112.8
126.1,12.8,13.61,33.1,38.2,5.17,4.73,3.83,10.33,14.77,66.0,55.1,12.1,18.2,30.8
118.9,31.9,17.73,16.0,18.8,5.77,5.78,1.25,6.11,7.33,45.3,72.9,3.0,3.8,63.8
126.4,25.6,33.67,13.9,8.9,6.6,1.83,0.7,4.25,4.4,56.6,49.1,7.5,3.1,88.5
114.6,11.9,37.95,5.3,4.2,5.55,5.29,0.59,11.74,3.9,38.3,52.9,17.6,13.0,105.9
125.0,15.7,27.29,35.7,114.7,4.01,9.56,9.0,2.51,17.04,68.6,59.2,8.9,27.4,5.3
110.0,17.7,37.1,43.0,107.9,4.21,8.15,8.25,2.63,16.53,53.1,54.2,-0.6,10.2,1.6
115.3,33.0,11.51,7.1,7.7,5.75,5.7,0.73,7.75,11.48,66.9,30.7,0.9,7.9,85.9
114.3,39.1,10.78,27.3,56.4,4.23,4.35,3.71,5.8,1.63,58.6,76.4,-2.9,9.3,22.4
120.8,14.0,14.26,10.4,0.7,6.83,4.95,0.69,11.66,12.5,21.3,48.8,6.5,14.9,87.7
122.3,23.9,18.85,23.2,14.6,6.72,4.61,1.19,15.23,2.55,70.8,69.9,-1.3,12.9,73.1
111.5,17.6,21.85,22.2,14.4,6.76,3.18,1.05,16.1,6.58,60.9,68.0,16.7,4.6,52.0
113.8,38.2,29.08,14.9,0.7,4.91,0.83,0.67,16.06,6.27,63.8,39.9,3.4,22.0,86.1
129.8,11.5,27.88,36.8,110.4,4.5,7.11,10.74,1.95,24.68,66.4,62.0,-8.6,2.4,6.2
124.3,31.8,15.84,23.7,12.6,5.19,4.61,2.4,18.97,11.74,65.8,58.0,-4.8,2.6,62.6
124.7,21.6,26.04,37.4,107.1,6.89,8.86,10.31,1.05,22.84,67.3,39.4,12.9,24.5,5.7
124.7,26.2,10.57,7.5,1.8,6.08,3.85,0.17,18.17,13.29,52.5,72.9,-6.2,24.2,109.4
123.3,19.5,11.21,22.8,21.1,5.24,1.08,1.73,10.1,7.61,44.6,35.2,18.3,19.3,63.4
124.3,12.1,12.33,13.9,2.3,6.14,5.22,0.56,0.99,4.95,77.4,38.2,7.0,3.4,111.9
122.1,32.6,34.18,16.9,26.8,5.36,2.78,1.39,3.38,14.24,75.0,51.5,1.5,0.5,52.1
115.3,27.0,28.94,28.1,39.3,4.63,2.85,2.76,10.44,3.73,47.2,43.0,7.8,23.5,26.2
113.6,28.8,39.33,30.6,33.0,6.06,1.93,3.32,18.93,6.99,70.1,79.5,0.4,15.9,24.5
118.9,11.5,38.38,27.9,39.5,5.9,7.11,3.19,2.64,9.55,54.5,77.4,-3.0,25.5,21.0
115.6,13.8,21.61,23.7,26.6,4.03,6.91,1.46,14.5,6.14,49.5,72.3,12.2,16.3,55.3
122.7,28.6,32.21,14.9,3.4,4.0,3.16,0.2,10.03,14.66,20.3,73.8,-8.8,4.4,101.3
119.4,23.4,31.3,35.9,98.5,4.88,7.36,9.16,0.2,24.14,56.6,62.6,10.6,9.1,0.0
116.9,22.6,16.09,24.7,19.2,5.22,6.06,1.1,15.76,2.08,33.4,42.6,6.7,23.9,64.4
114.0,17.4,19.19,9.9,7.2,6.02,5.42,0.53,16.05,2.52,23.7,46.6,4.2,17.3,113.6
129.4,22.7,28.1,7.7,6.8,6.14,4.19,0.88,6.35,4.14,70.0,38.4,9.3,29.5,106.4
120.2,13.8,35.38,5.8,3.2,6.55,3.18,0.21,3.21,7.02,21.4,33.0,-6.1,26.0,113.8
117.3,25.8,36.11,23.4,12.9,4.03,1.1,1.85,1.52,7.05,56.8,32.3,-4.6,12.2,73.9
110.3,33.7,13.77,15.4,11.8,6.58,5.79,2.44,17.53,3.07,78.9,32.5,8.8,28.3,49.5
125.7,17.1,16.05,32.3,41.8,4.73,6.47,3.13,11.6,3.86,25.6,40.2,3.9,6.5,26.6
115.0,32.3,25.33,5.8,1.7,5.31,0.71,0.84,3.01,9.96,29.7,39.6,9.9,17.9,107.5
117.6,31.7,14.8,7.9,8.7,5.78,5.28,0.28,3.1,14.2,37.8,48.1,8.1,5.8,108.7
118.5,11.3,26.71,30.9,44.7,5.17,2.56,3.78,7.18,12.91,56.6,57.2,12.0,7.9,20.3
120.7,27.6,28.79,43.1,106.3,6.91,5.91,9.29,2.6,16.36,22.6,58.3,-8.1,11.3,5.9
123.8,20.2,34.71,17.6,27.3,5.33,7.31,1.06,5.81,2.43,74.7,43.9,-1.0,18.3,61.3
123.0,26.2,22.05,11.0,7.4,5.19,4.92,0.98,8.14,0.59,42.9,62.4,-4.2,28.6,90.6
120.1,27.6,33.07,39.1,109.7,4.07,9.59,9.92,1.21,24.27,58.0,31.3,4.6,0.3,2.3
120.8,22.3,21.24,4.3,7.2,6.87,3.03,0.17,18.76,11.29,46.5,77.3,-3.6,4.2,118.7
124.0,39.7,39.79,30.1,58.7,6.78,3.41,3.41,12.17,10.49,55.3,79.5,-2.6,25.2,30.2
128.2,28.6,18.17,26.3,33.1,4.97,6.97,3.8,0.86,14.91,38.5,60.4,1.7,15.5,34.0
111.3,10.8,26.03,21.5,11.8,4.07,2.98,1.74,6.72,4.31,29.1,38.6,-9.8,0.7,63.9
119.1,12.1,15.7,40.1,91.7,4.56,8.56,10.93,0.36,16.4,42.8,45.5,-9.1,27.7,8.8
113.4,39.4,22.57,44.9,96.9,5.3,8.48,10.86,2.73,15.72,24.7,35.2,13.3,28.6,8.2
119.5,19.4,33.46,24.8,19.8,6.44,7.86,1.11,18.87,9.36,70.9,59.0,6.1,6.4,65.5
111.9,12.2,16.83,15.5,26.7,5.75,1.92,1.06,2.7,1.42,28.9,71.5,15.3,14.1,49.4
121.0,36.4,20.27,13.5,6.0,4.97,3.2,0.98,17.79,3.51,68.6,79.1,19.2,3.8,112.3
125.7,27.4,30.65,29.3,55.6,4.8,2.5,4.09,18.52,12.29,47.9,76.7,-4.4,24.7,24.9
119.0,20.8,23.71,28.1,48.5,5.56,7.9,3.71,6.87,8.89,70.2,32.3,14.1,19.6,24.2
128.3,32.6,29.58,33.6,30.2,6.44,6.19,4.13,6.9,11.36,25.0,34.6,10.8,15.7,19.7
113.7,36.7,32.87,42.3,118.9,6.16,7.96,11.39,1.43,18.96,74.8,31.6,-0.3,1.9,4.7
110.8,19.9,33.95,27.4,57.3,4.77,2.13,2.99,8.65,9.81,39.2,72.1,7.9,26.5,28.3
126.3,23.8,33.22,12.8,1.5,6.0,4.44,0.17,17.58,1.8,21.0,38.7,16.5,6.1,85.7
126.5,38.1,10.76,14.7,9.0,6.42,5.37,0.8,5.37,12.49,29.1,42.6,18.6,13.7,102.6
110.8,35.0,15.78,17.7,11.5,5.59,4.81,2.25,15.05,6.93,55.3,72.7,7.6,12.0,51.0
119.2,20.4,18.84,8.0,2.3,4.68,6.85,0.83,10.21,1.22,28.6,57.8,12.7,20.7,98.1
111.4,35.7,22.21,9.8,8.7,4.54,3.07,0.23,2.23,12.76,63.7,36.1,-9.0,7.7,106.8
127.0,30.0,29.9,23.7,10.7,4.69,4.96,1.24,9.92,1.57,22.0,73.4,-3.3,13.0,57.7
124.7,29.0,32.98,6.7,7.9,6.23,7.03,0.14,16.78,4.34,44.9,77.7,-3.7,19.5,86.3
115.0,20.0,17.57,20.9,27.2,5.61,7.55,1.91,14.39,3.01,64.2,54.6,-3.6,25.6,61.0
124.1,32.4,23.22,18.7,28.4,4.51,3.57,1.62,5.33,3.63,23.6,56.0,16.6,21.9,54.6
126.8,36.4,32.87,27.4,44.1,4.51,2.35,3.14,14.72,10.37,57.1,73.2,11.9,21.2,26.2
115.5,38.9,38.81,16.7,21.7,6.96,3.9,1.97,15.96,11.0,80.0,36.4,8.4,19.6,53.2
127.1,11.4,19.88,44.8,113.2,5.79,7.82,9.87,1.2,22.91,30.3,57.2,-7.7,6.1,5.3
119.0,18.2,33.95,11.5,2.2,6.75,6.72,0.72,17.95,3.47,29.7,55.5,16.1,7.1,102.9
115.8,20.1,10.28,32.9,50.4,5.38,0.59,3.78,15.47,10.48,75.8,36.4,10.9,20.6,22.3
122.0,18.4,36.66,7.5,0.9,6.19,5.96,0.72,14.78,3.5,61.5,67.0,14.1,10.9,111.5
125.5,26.4,24.29,5.7,0.2,5.11,4.71,0.95,18.66,9.05,40.1,49.7,1.6,19.4,94.8
115.7,13.2,10.2,19.4,23.1,6.04,3.21,1.18,2.78,7.62,48.6,37.6,-7.3,21.7,47.4
128.9,37.1,31.95,24.1,20.6,5.65,2.91,2.17,14.32,4.2,54.4,39.7,17.3,13.7,50.0
120.5,32.4,17.71,22.9,16.5,5.35,3.28,1.48,14.57,1.08,48.4,44.1,3.7,2.7,74.6
114.7,11.0,27.47,10.7,1.8,4.44,4.97,0.34,6.71,14.01,26.9,77.6,-5.0,15.3,96.3
111.0,28.1,32.7,22.6,25.4,4.51,1.92,1.31,14.92,1.33,53.9,59.4,12.3,19.2,63.9
110.0,11.7,16.64,21.4,26.0,5.79,7.2,1.22,9.63,10.47,31.0,77.1,12.5,7.6,50.2
122.5,16.8,32.28,39.8,115.6,6.7,9.44,10.11,1.08,22.14,76.5,39.7,10.6,27.6,5.3
128.4,32.1,13.66,19.0,21.2,5.43,4.73,2.16,18.45,4.45,26.8,54.7,-6.5,5.8,67.8
111.5,27.4,28.06,27.4,59.2,5.2,4.23,4.03,2.11,9.14,23.5,56.7,10.7,27.1,25.4
129.3,36.9,31.49,40.6,103.0,5.16,5.95,9.78,1.76,24.31,21.3,72.3,17.3,24.4,6.2
113.5,26.9,14.93,29.9,37.3,5.04,3.89,3.93,5.53,8.44,63.2,45.7,1.4,18.4,33.2
120.9,26.5,20.9,16.4,25.1,5.76,3.91,2.18,10.24,11.17,75.3,71.3,13.6,16.0,47.5
117.9,39.2,39.64,10.1,2.6,6.38,6.62,0.11,5.99,8.6,23.5,39.5,8.0,9.6,93.3
118.1,18.9,23.9,44.7,105.2,6.06,8.45,10.16,1.55,20.85,32.7,30.1,18.9,20.8,4.5
120.0,34.4,34.08,39.0,102.3,4.37,9.41,11.16,2.11,24.59,32.9,73.0,17.8,14.9,2.2
113.9,39.9,17.5,22.0,24.1,6.02,2.48,2.13,18.91,5.06,50.7,42.1,-4.5,15.9,55.8
127.2,28.0,32.46,12.7,8.8,4.03,7.27,0.79,1.85,8.22,41.5,68.8,16.5,3.8,108.1
111.1,15.6,39.52,26.9,48.4,5.54,3.59,3.86,10.02,7.66,67.9,38.6,-8.9,17.3,33.8
123.6,23.7,14.53,44.2,114.7,6.6,9.85,10.09,0.97,19.16,76.7,72.3,-5.5,4.8,5.7
119.8,16.9,13.8,40.4,110.1,4.3,5.06,10.37,1.51,17.4,62.8,41.9,3.1,14.6,6.0
127.6,20.6,32.87,35.2,99.2,5.28,7.45,11.73,2.23,23.92,63.5,58.0,-1.2,8.4,5.7
117.9,16.7,23.3,16.5,16.0,5.31,6.84,2.26,10.74,1.92,62.9,58.3,-1.4,23.8,49.3
119.7,27.4,21.29,19.5,27.9,6.63,0.76,2.0,4.43,4.58,26.0,76.9,0.3,9.9,60.5
111.4,32.7,19.07,9.7,0.1,6.78,4.09,0.32,6.28,0.25,54.8,74.0,6.6,6.0,97.2
127.6,15.6,30.5,44.7,105.3,4.52,6.18,8.89,0.38,20.67,29.0,63.5,19.7,24.5,0.7
129.6,30.7,37.26,34.8,32.9,6.45,4.58,2.6,10.7,9.38,69.2,58.3,11.4,1.4,27.3
120.0,31.6,20.78,20.7,12.5,5.82,1.86,2.19,7.85,0.01,66.6,38.5,-3.1,0.8,49.4
112.2,28.9,33.24,41.4,99.2,4.59,7.25,10.68,1.85,24.87,53.1,47.1,3.8,27.0,2.1
120.7,13.1,21.22,18.0,27.9,5.37,4.0,1.53,2.92,1.98,26.0,57.3,4.5,23.1,50.8
115.5,35.0,30.36,14.7,0.9,6.35,7.82,0.24,15.58,14.57,56.8,67.3,16.9,0.4,103.3
117.0,35.2,30.49,15.5,23.4,4.99,7.55,2.43,11.66,14.16,34.0,38.3,-6.5,21.6,68.9
117.5,17.5,25.22,35.1,110.8,6.26,9.9,10.87,0.14,20.12,60.0,43.0,4.7,26.4,8.3
121.1,27.0,20.94,15.0,8.2,6.53,7.5,0.73,15.97,7.71,64.1,71.8,6.0,29.0,108.5
114.8,15.0,22.33,22.0,20.1,6.31,6.5,1.7,9.12,7.76,50.8,52.9,17.2,8.2,67.4
124.6,31.0,36.42,17.4,11.0,6.54,3.53,2.31,14.39,2.36,66.1,57.7,2.8,0.2,50.5
118.7,28.9,32.59,42.0,97.7,5.29,9.09,11.71,0.18,17.33,23.5,62.4,10.0,1.6,7.0
112.2,27.4,32.72,18.2,12.3,6.56,1.8,2.36,6.49,13.2,23.3,69.5,9.8,22.1,47.9
126.1,10.7,30.31,23.0,20.2,4.27,1.4,1.76,12.35,9.36,37.8,71.2,-2.0,26.2,71.2
120.2,24.0,33.1,37.4,119.2,6.92,9.92,11.99,2.25,16.47,23.9,73.3,7.6,25.2,8.3
124.0,13.0,21.77,35.7,99.2,6.8,6.23,10.68,0.87,21.43,50.7,48.2,15.4,25.6,3.8
129.2,23.4,28.54,25.4,38.4,5.3,6.24,2.87,7.97,0.06,60.0,44.9,-0.5,6.4,33.6
125.3,14.4,31.87,16.7,19.7,4.62,4.76,2.46,8.46,10.74,60.7,68.1,-1.1,27.9,57.2
113.5,38.4,19.42,10.2,6.3,6.88,6.53,0.59,10.11,10.32,55.2,64.0,-7.5,20.4,117.8
128.9,34.6,14.51,22.5,11.8,4.04,6.63,2.36,1.48,14.24,32.9,31.6,4.8,25.7,62.2
124.6,30.8,31.96,35.8,106.0,5.8,9.25,10.17,2.67,20.75,57.3,70.9,11.0,11.6,5.9
121.8,25.0,14.82,41.0,94.4,5.85,9.11,9.78,1.7,22.59,23.8,46.1,-10.0,1.1,9.3
119.9,10.5,38.74,35.1,94.0,5.12,5.49,9.87,1.61,23.2,43.4,47.8,1.5,18.2,0.8
121.2,35.1,27.44,26.0,48.0,6.02,4.84,3.67,18.42,3.28,31.9,37.6,-2.6,5.0,34.1
114.5,20.1,30.48,40.5,90.7,4.03,8.93,11.09,1.96,16.96,61.1,71.6,13.2,4.8,0.1
123.7,15.9,30.44,17.2,22.8,4.86,6.5,1.31,2.59,4.29,65.6,74.7,11.3,16.9,59.4
125.6,17.0,32.4,28.2,32.3,4.23,3.76,4.11,17.82,12.41,49.9,33.8,5.0,10.1,30.4
129.7,26.3,34.0,31.3,55.5,5.74,6.89,2.93,6.6,7.08,73.0,46.7,8.3,11.5,23.8
127.2,10.3,19.99,23.3,19.5,4.48,2.44,1.86,11.63,3.98,65.3,60.6,1.1,5.6,47.2
114.3,30.3,22.69,29.5,35.6,6.88,6.76,3.98,10.83,2.21,63.3,54.7,11.4,15.7,28.0
110.8,19.8,12.66,7.1,8.9,4.91,7.75,0.94,8.98,6.17,30.6,44.9,13.1,18.8,89.4
113.2,20.3,23.53,16.4,19.9,4.45,3.55,1.62,5.71,5.01,46.0,54.2,-7.0,11.1,60.1
122.1,14.2,31.91,40.3,109.3,6.08,5.85,9.28,2.59,18.57,20.6,34.4,1.8,27.6,4.3
118.6,21.5,13.63,10.4,5.8,5.12,4.71,0.82,11.99,14.01,34.0,63.6,12.5,27.3,116.1
117.2,29.5,10.41,32.8,59.7,6.64,7.86,3.97,9.05,12.72,43.7,40.5,-2.8,13.1,19.4
124.5,32.8,32.02,41.1,108.6,6.95,9.93,11.28,2.68,15.67,34.9,75.6,8.9,27.0,8.1
114.3,32.5,28.29,19.0,28.4,4.35,5.24,1.71,8.86,10.77,60.4,50.7,3.3,12.2,64.1
121.5,11.9,20.84,30.6,30.4,6.44,0.42,3.81,19.12,3.71,59.4,76.7,13.7,17.0,21.3
119.6,21.3,25.23,35.8,93.8,6.69,9.42,9.72,2.52,19.99,75.9,37.9,7.2,7.3,7.0
117.1,25.9,25.36,33.8,39.7,4.24,7.96,2.64,8.63,5.9,21.2,59.8,4.4,25.5,33.3
125.1,36.6,15.06,32.6,47.7,6.4,6.67,3.66,0.34,3.64,29.2,37.1,-2.7,5.3,25.5
113.0,39.4,29.76,5.7,5.4,5.99,0.63,0.94,8.76,12.99,49.4,35.3,19.5,3.2,86.1
129.5,25.3,15.54,44.9,96.8,4.18,6.62,10.02,0.5,24.58,31.4,40.6,2.9,17.0,8.3
118.3,36.7,32.76,30.0,48.3,5.41,7.65,4.48,15.81,3.51,37.3,79.7,-4.8,22.8,30.1
127.7,17.3,18.53,12.2,7.8,6.2,2.58,0.46,3.71,3.88,41.3,68.2,0.6,19.9,98.1
123.1,17.7,20.0,22.8,21.2,5.96,2.92,2.01,18.68,13.36,20.7,41.2,18.7,10.0,62.4
118.0,27.0,25.29,43.5,93.6,4.22,9.77,10.23,2.4,24.96,43.7,38.0,-5.2,26.7,5.9
126.4,25.6,18.75,26.6,35.2,5.04,5.31,2.92,6.76,12.76,65.6,51.7,-2.2,21.7,20.1
128.8,37.1,27.54,16.1,21.6,6.62,0.45,1.82,17.99,5.98,46.6,54.4,10.8,29.7,60.2
117.7,13.6,14.51,17.6,10.8,5.3,0.64,2.38,15.1,9.95,79.7,31.4,6.6,16.7,64.7
119.6,26.3,26.31,21.5,10.8,6.76,4.88,1.43,18.27,3.7,40.7,71.1,-8.9,9.1,70.3
125.0,18.8,23.48,6.8,8.8,4.82,1.64,0.29,5.63,11.21,44.9,37.8,16.1,21.0,89.1
117.5,15.5,26.55,34.1,42.9,5.4,2.45,3.65,15.58,3.87,39.3,63.3,17.9,17.8,18.4
124.5,27.4,10.79,38.2,113.0,4.77,6.98,8.22,2.29,23.18,63.4,32.7,8.6,19.1,3.2
117.3,28.2,32.82,16.7,14.6,6.62,4.2,1.98,12.65,12.89,63.0,56.3,7.2,21.3,73.4
126.7,10.4,23.48,41.7,101.3,4.98,9.73,11.64,2.7,16.73,43.7,42.0,1.2,0.3,7.2
110.8,36.4,24.43,21.4,23.9,4.62,4.73,2.3,0.31,9.31,23.2,53.9,-7.9,1.5,48.6
126.0,11.3,20.73,5.5,2.2,5.39,1.21,0.61,16.96,11.53,68.2,45.5,11.5,27.4,99.7
122.5,26.8,34.1,6.7,3.5,6.14,6.46,0.5,4.69,10.11,44.0,74.4,17.9,25.1,90.5
120.1,24.8,39.91,35.3,99.2,5.61,6.4,11.43,1.76,20.27,62.2,58.4,17.1,14.7,2.0
122.3,18.9,32.25,34.4,33.9,4.36,3.84,3.58,13.85,6.51,59.6,46.7,-9.8,4.5,18.4
129.1,17.4,36.78,6.0,2.5,6.28,2.52,0.55,11.15,7.97,39.4,34.6,10.5,16.7,114.1
127.6,12.0,10.7,5.2,4.9,4.22,2.16,0.25,1.65,6.0,28.6,74.0,4.7,9.3,85.6
119.1,36.7,11.87,8.9,2.2,6.82,1.71,0.39,9.72,0.52,53.5,54.2,1.3,4.0,106.5
120.3,26.8,35.51,27.6,39.7,4.72,0.73,2.74,3.85,14.18,47.5,39.6,19.8,9.0,34.1
110.5,35.3,22.1,36.1,94.6,5.86,5.64,10.32,1.98,23.11,37.7,44.6,14.4,12.7,5.1
126.5,23.0,27.48,26.4,41.9,4.14,6.53,3.37,17.51,2.15,61.2,48.3,9.6,29.8,25.8
129.8,14.2,31.17,13.5,1.0,5.34,4.22,0.51,16.34,9.45,43.2,67.6,9.1,17.1,97.7
122.8,25.5,14.16,20.1,18.8,4.39,3.87,1.92,5.48,14.32,51.9,72.3,-9.6,5.0,49.9
117.5,28.1,18.41,24.2,24.6,6.43,5.59,2.42,6.69,12.9,47.0,49.0,-5.0,26.3,58.3
115.6,22.8,22.33,26.2,35.6,4.61,0.45,3.91,12.27,7.37,23.3,59.5,15.8,1.6,34.2
128.5,10.1,18.46,25.7,47.0,5.86,3.96,3.32,7.42,9.82,70.7,62.1,7.0,20.4,28.3
125.8,24.5,24.42,24.7,25.1,6.59,0.42,1.19,13.52,10.46,20.2,75.4,11.9,5.0,63.9
128.5,26.0,30.65,4.5,2.4,4.4,0.64,0.11,17.05,6.05,59.6,70.6,-4.1,25.9,119.0
128.7,16.6,27.86,35.8,96.6,4.29,7.14,9.51,0.37,19.17,38.4,49.1,13.0,19.4,0.8
123.5,11.4,34.09,31.9,51.2,4.42,1.75,3.89,0.15,11.28,31.7,52.1,-8.6,21.8,19.2
123.8,21.9,26.0,4.4,0.3,5.08,1.41,0.14,13.23,4.07,57.9,41.0,-8.8,0.3,94.3
114.0,21.8,13.66,25.9,59.5,4.06,0.42,4.4,3.5,0.87,26.7,43.3,6.3,27.5,23.7
121.6,35.2,24.77,21.4,28.8,5.76,7.06,2.09,9.09,7.63,52.5,71.7,7.9,6.9,63.9
120.6,39.3,29.21,9.9,4.3,6.48,6.04,0.55,12.23,8.63,45.2,38.0,-0.9,3.9,110.8
110.2,16.8,11.98,8.5,0.2,5.11,6.45,0.99,12.17,3.02,38.9,61.7,3.4,4.1,88.0
112.2,34.4,29.61,31.3,57.8,6.96,0.67,2.81,2.48,14.32,80.0,58.6,3.0,27.3,31.4
118.4,36.5,20.65,29.8,36.4,5.82,0.57,2.52,10.13,13.8,79.0,73.3,-4.0,2.2,33.3
113.9,10.0,34.48,23.8,16.9,5.54,4.26,1.57,18.04,6.83,57.2,39.4,0.2,25.3,48.3
120.1,23.8,36.0,35.2,115.3,4.82,6.79,8.75,0.24,16.45,35.4,32.3,-7.5,5.6,0.9
120.6,20.2,38.41,31.6,54.2,4.54,7.16,4.12,0.03,12.27,54.2,41.9,17.3,20.5,33.2
116.9,19.0,33.03,39.1,100.2,6.07,8.6,8.65,1.95,22.84,56.2,73.2,9.8,3.7,7.3
124.1,20.3,30.58,17.1,27.6,4.35,0.67,2.32,13.57,0.77,50.7,31.4,11.8,1.4,67.0
128.1,37.0,37.68,16.5,10.2,5.73,1.47,2.15,14.2,13.94,63.2,50.1,-3.8,9.4,68.4
118.9,11.1,12.54,27.0,38.8,6.14,1.99,3.84,14.79,13.36,49.4,70.5,11.2,18.4,26.6
116.8,18.9,34.88,13.0,3.3,5.48,5.04,0.44,1.77,10.37,37.7,30.3,0.9,2.5,106.0
115.0,16.7,22.03,36.6,110.3,6.58,9.1,9.76,0.01,15.65,55.1,52.5,-1.9,10.2,6.1
124.3,31.7,10.98,18.4,11.4,4.54,5.56,1.18,9.76,13.64,37.6,45.8,2.3,17.3,54.1
112.4,23.8,37.18,7.2,2.3,5.54,0.63,0.72,19.23,10.15,30.9,44.4,12.2,2.0,110.0
118.0,30.7,27.15,5.3,7.9,5.9,6.68,0.75,7.37,2.86,36.3,44.3,-3.9,14.4,90.5
116.5,22.9,16.6,28.1,44.6,6.07,6.91,3.6,11.88,14.39,64.8,55.6,6.9,22.9,25.4
119.7,36.5,10.94,15.5,20.1,4.68,4.1,1.32,0.64,0.5,56.3,48.0,-3.9,11.6,74.3
110.6,14.8,14.57,41.6,99.2,4.72,5.15,8.26,1.3,17.94,60.9,62.2,14.3,6.9,5.7
120.5,23.5,15.88,11.0,9.5,5.82,4.2,0.24,15.67,14.71,56.4,34.4,-5.0,21.6,100.4
112.1,30.8,11.23,24.9,29.3,5.71,1.21,2.37,3.44,5.22,32.7,45.8,-2.6,27.7,74.0
125.4,28.5,32.85,7.0,2.7,6.28,4.37,0.92,16.9,11.29,46.5,31.8,4.5,17.0,117.0
118.0,11.9,21.14,8.6,6.5,4.02,5.97,0.82,1.34,13.75,73.0,46.4,11.2,13.4,103.2
119.9,22.7,21.67,24.9,17.3,5.95,0.33,2.24,17.81,2.56,69.8,35.3,3.7,23.0,70.5
113.6,28.3,13.88,29.0,55.6,4.37,1.46,2.81,12.3,1.26,68.1,41.3,10.9,25.1,27.6
128.9,39.5,26.65,33.6,35.3,5.64,1.29,3.86,1.91,4.55,66.6,66.1,0.8,5.4,34.1
113.9,27.4,13.84,29.5,49.8,4.36,5.9,2.73,15.52,10.59,72.9,44.1,-7.9,27.2,26.0
122.1,21.7,21.4,44.3,99.0,5.24,8.36,9.82,0.23,22.59,70.1,45.8,9.9,14.0,4.0
127.2,26.6,14.26,17.6,28.8,5.93,3.34,1.81,10.02,8.21,64.5,59.0,8.8,9.9,59.2
110.2,29.7,19.58,42.8,98.3,4.92,7.79,10.31,0.67,18.48,53.4,50.0,-0.6,24.5,9.7
119.1,13.0,35.03,33.0,46.7,6.66,6.24,4.44,10.71,13.03,38.4,47.1,1.6,18.4,25.5
126.5,12.3,22.47,40.5,108.0,4.87,9.21,10.44,1.19,17.11,72.6,74.0,-8.9,28.2,8.0
111.4,35.0,29.61,16.7,24.8,6.94,2.29,1.84,10.51,10.43,26.4,54.7,-9.2,13.5,58.1
111.6,29.9,22.09,6.1,4.2,4.13,1.82,0.71,0.38,12.98,34.4,68.5,-1.7,27.9,114.3
120.1,11.7,37.04,18.3,24.5,6.24,2.18,2.4,10.1,3.56,47.6,30.9,3.0,9.3,65.5
117.6,13.3,37.88,5.3,2.9,6.28,6.21,0.88,6.9,12.7,44.6,40.0,-3.9,29.2,93.8
114.4,20.3,18.77,40.1,108.2,5.59,8.04,8.63,0.42,23.69,32.7,65.4,11.7,20.3,5.3
129.1,26.8,36.67,31.9,43.6,6.78,0.61,4.06,12.97,9.63,49.0,70.6,3.2,16.4,30.4
129.2,18.3,21.34,44.7,103.8,6.67,8.91,9.8,1.54,15.22,24.5,34.2,13.4,12.5,7.4
111.9,31.1,38.21,24.4,18.7,6.49,0.57,1.79,10.33,14.24,75.8,39.2,-5.2,22.5,73.7
127.8,12.2,30.8,17.0,10.2,4.93,7.94,2.05,11.26,9.56,70.1,79.9,-4.4,24.1,69.5
120.3,39.6,25.97,16.5,25.0,4.05,0.25,1.71,2.55,3.94,28.2,75.3,-2.7,14.1,71.2
129.6,38.8,26.72,25.1,35.3,6.9,5.08,3.35,3.99,6.27,47.8,59.4,10.5,14.8,28.4
127.2,20.6,13.71,35.7,100.4,4.02,8.26,10.87,0.56,24.53,64.2,79.5,-8.1,11.8,6.1
112.2,36.5,20.74,42.9,96.7,4.49,7.45,9.06,1.87,24.01,32.0,48.3,4.0,22.2,2.4
127.3,23.0,34.06,40.5,108.6,4.66,5.05,11.83,2.05,19.19,34.5,30.9,2.6,6.1,0.4
129.9,14.7,33.72,5.9,0.5,4.57,2.9,0.49,3.71,8.25,44.8,72.2,7.1,20.8,98.8
117.5,36.1,21.38,17.9,27.1,6.01,4.5,1.13,9.22,7.21,33.6,38.1,4.3,25.1,59.5
115.7,35.5,11.92,29.6,58.6,4.55,1.89,4.41,3.36,0.25,23.6,35.7,10.5,0.0,19.8
124.6,10.6,16.36,30.6,38.1,6.35,1.78,4.14,9.37,13.39,35.9,38.0,5.5,16.0,32.1
122.5,33.5,17.25,34.9,53.7,5.4,2.75,3.48,11.43,8.3,37.9,38.8,15.4,2.4,20.6
123.4,20.0,18.24,14.9,5.9,5.79,0.22,0.62,10.55,5.39,72.4,42.8,3.0,8.4,89.9
115.3,33.6,23.25,20.5,23.9,5.83,2.19,2.32,0.78,10.9,79.2,49.9,12.2,10.8,55.5
121.5,11.5,24.58,15.9,21.4,6.83,2.17,2.23,18.66,3.32,30.0,73.6,-7.1,24.6,61.0
110.5,19.5,36.14,32.9,59.8,4.85,2.69,4.32,14.64,0.26,72.3,56.6,-9.5,16.1,26.2
111.2,13.2,36.41,4.8,6.0,6.98,5.42,0.28,9.08,5.89,56.0,52.9,13.1,7.2,109.2
122.4,36.6,17.0,38.2,105.8,4.15,8.06,8.2,0.22,24.02,36.1,47.3,11.9,20.9,0.4
127.9,15.4,22.13,34.5,40.2,6.77,5.13,2.59,13.56,14.21,64.0,64.1,-0.9,18.9,22.2
120.9,28.6,18.14,18.0,23.4,6.94,4.02,2.47,12.76,9.51,74.5,51.4,-8.6,18.3,53.1
119.4,32.9,26.75,33.1,43.2,4.37,1.62,2.96,10.93,1.5,61.1,79.0,16.6,16.6,20.4
118.9,20.3,13.8,23.7,18.8,4.41,6.24,1.4,12.22,3.83,73.6,69.3,-3.4,9.7,72.8
112.7,13.6,21.52,5.3,4.2,6.32,5.47,0.48,5.51,4.55,26.3,78.3,6.4,28.3,96.4
115.6,20.7,39.92,38.4,99.9,4.81,8.53,9.96,1.38,18.74,35.0,68.6,9.3,22.9,0.4
121.4,38.6,36.15,41.9,113.5,4.47,9.98,9.84,2.44,20.74,31.7,30.9,14.8,1.8,5.3
120.0,26.0,36.29,33.2,48.4,4.08,5.06,2.66,9.11,2.38,44.9,50.4,-0.4,4.7,23.2
118.5,24.7,38.88,20.7,21.4,4.97,5.89,2.25,14.65,8.4,40.7,69.7,-7.4,7.6,57.2
116.7,36.4,10.92,35.2,107.8,6.1,9.13,8.66,2.01,23.67,77.2,77.8,16.6,3.2,8.3
118.6,32.5,33.35,20.5,18.2,6.2,4.72,1.57,6.54,2.37,71.9,69.4,9.4,23.3,51.1
112.0,15.5,18.43,29.3,42.5,6.58,3.95,3.58,0.65,6.74,34.7,50.9,4.9,15.0,20.1
123.8,20.4,21.16,36.9,119.6,6.13,9.28,9.73,1.82,15.96,59.1,66.1,-1.1,18.7,1.5
113.4,35.3,18.37,26.0,40.2,4.47,6.57,3.99,6.64,4.09,65.5,64.5,-4.9,24.7,23.7
129.1,24.8,20.76,12.7,9.7,5.28,4.33,0.66,11.94,12.39,30.2,70.9,8.7,13.8,117.0
127.4,24.8,12.93,24.8,26.6,5.04,2.27,1.07,17.28,10.71,63.2,70.3,16.7,22.9,69.2
113.5,15.6,17.4,13.0,2.2,5.51,5.57,0.73,15.02,1.04,41.3,33.5,9.8,24.6,101.0
112.0,32.2,13.54,23.0,19.7,5.67,5.4,2.37,9.01,5.84,76.8,55.2,16.0,11.1,63.8
110.5,25.3,30.08,4.3,6.3,6.06,2.08,0.47,3.75,4.71,76.8,44.4,10.9,20.9,110.6
121.6,36.2,25.52,11.7,6.2,6.11,7.26,0.55,8.65,2.77,33.1,66.7,4.1,2.1,87.0
125.3,36.1,31.21,10.3,9.8,6.34,5.29,0.38,18.58,3.15,41.0,72.7,10.3,29.9,87.7
126.6,32.1,21.51,37.4,97.0,4.31,7.28,11.99,2.81,20.71,79.2,79.9,-2.0,12.3,3.3
113.4,29.1,18.73,26.6,45.3,5.42,5.28,4.3,4.78,3.21,32.8,42.6,-2.7,16.3,33.1
111.9,27.9,11.35,36.2,119.6,4.19,6.45,11.2,0.13,17.76,76.3,75.5,-6.1,12.9,8.0
129.9,33.3,16.04,5.5,3.6,5.18,1.03,0.33,19.03,11.81,46.6,46.0,-8.9,15.2,93.3
113.0,39.6,24.3,36.1,101.4,4.61,9.48,9.73,2.02,20.77,31.4,38.7,-10.0,14.1,3.5
116.1,32.8,25.19,9.6,7.2,5.11,5.17,0.73,19.98,8.5,62.7,75.7,-6.3,10.0,103.0
124.3,11.1,18.46,37.7,104.6,6.97,9.86,11.17,1.12,20.31,31.5,40.3,2.5,0.7,3.8
121.0,10.2,36.38,26.2,39.9,4.47,4.02,4.33,8.46,5.63,28.6,70.5,18.5,16.5,27.7
126.0,26.1,17.55,33.6,46.3,6.55,5.55,3.81,16.83,12.11,64.9,51.8,6.3,19.8,21.4
115.7,31.4,26.17,24.7,11.7,6.06,2.56,1.29,12.67,6.57,40.0,73.4,-3.2,20.6,69.0
112.2,25.1,30.16,26.5,52.9,6.89,1.3,3.1,18.28,5.89,31.6,33.6,19.9,15.1,18.5
125.3,25.3,19.44,30.0,35.7,6.26,3.35,4.06,0.24,0.65,34.3,44.9,13.1,21.9,25.5
112.4,29.9,18.5,15.9,26.4,4.95,7.4,1.93,6.15,5.8,33.0,79.9,-9.5,0.5,57.5
120.3,23.2,38.18,30.7,49.8,6.37,2.97,3.86,18.31,0.4,50.5,52.2,-8.6,23.2,32.7
129.2,10.4,35.62,13.8,6.9,6.57,5.57,0.45,3.04,5.42,24.3,30.5,5.4,15.1,117.8
115.1,26.6,28.02,5.1,1.5,4.63,3.05,0.74,1.35,13.97,27.1,51.5,-9.8,6.8,112.5
112.6,34.1,12.15,10.6,6.1,5.04,7.28,0.69,14.32,1.96,51.2,48.9,-3.4,12.8,114.9
119.6,30.7,31.98,23.4,11.6,6.58,1.1,1.34,19.2,0.92,36.2,77.8,4.3,11.0,66.3
121.0,28.6,11.1,5.0,5.7,6.14,2.84,0.67,15.25,1.55,46.6,62.5,7.9,18.2,103.2
111.4,34.1,37.07,11.7,0.4,5.42,5.82,0.31,11.45,5.32,53.4,72.3,-2.7,5.1,99.4
122.9,10.4,14.01,10.3,3.5,5.15,2.01,0.39,7.45,0.42,60.2,35.4,2.0,21.5,106.9
114.2,27.4,21.91,5.6,7.4,4.8,7.75,0.97,11.62,14.55,44.2,58.2,2.7,16.1,117.3
119.6,15.6,12.73,27.7,33.7,6.94,1.72,3.62,2.2,3.54,63.5,74.3,-1.6,24.5,30.0
119.2,34.7,27.08,5.4,3.9,6.28,5.58,0.16,2.52,8.75,43.0,67.6,7.3,9.5,92.8
119.3,29.7,29.57,7.9,3.7,6.34,2.24,0.66,4.22,5.93,76.1,72.9,16.9,11.5,113.3
123.3,31.8,11.01,33.1,52.8,6.59,6.26,2.65,2.27,8.95,43.4,47.1,6.3,28.5,33.7
114.2,11.4,14.44,32.1,55.4,4.34,3.48,4.16,19.39,13.24,56.4,44.6,-5.4,16.6,20.3
124.7,14.4,28.24,12.3,3.3,4.94,2.57,0.97,14.3,12.09,37.1,42.0,12.2,12.1,85.2
128.3,23.3,27.67,41.8,108.5,5.25,8.49,10.55,2.52,17.05,25.5,72.2,4.2,13.7,7.7
126.4,28.4,36.14,15.7,25.4,5.63,1.02,1.89,19.97,11.55,43.0,58.6,15.7,2.0,68.7
119.7,30.9,10.23,12.7,8.7,5.93,5.67,0.66,15.29,9.88,30.6,70.6,18.6,4.0,108.2
128.1,38.2,14.36,42.8,97.1,5.22,6.57,11.1,2.37,19.88,29.9,48.6,15.9,0.5,1.2
110.5,19.6,22.32,21.3,13.7,6.58,3.35,1.48,8.18,10.08,69.9,34.4,19.8,14.5,66.6
121.7,31.1,10.53,34.8,53.7,5.08,7.7,2.77,8.55,0.86,44.4,73.7,-4.0,1.5,23.9
128.2,28.5,36.28,30.3,53.2,4.61,5.09,3.76,19.81,13.91,75.4,69.9,-8.8,1.0,20.8
116.3,24.3,21.9,44.8,110.2,4.44,7.17,8.42,1.14,16.67,36.3,58.8,-7.4,27.9,7.9
123.9,22.6,34.34,31.2,49.5,4.11,0.76,3.69,15.3,1.26,24.1,58.4,3.5,4.7,27.3
122.5,24.3,13.28,16.4,10.2,5.53,5.3,2.28,13.19,12.67,30.1,71.4,3.4,21.8,48.2
110.3,22.9,11.53,42.5,106.3,7.0,9.91,8.07,0.24,19.62,69.5,30.2,5.8,5.2,5.6
120.9,38.0,11.42,22.8,26.1,5.96,5.55,2.16,7.68,0.66,77.0,71.1,-4.7,10.9,70.9
122.2,15.8,10.93,19.2,11.1,6.46,6.78,2.37,8.66,14.32,71.5,69.2,13.3,5.0,54.0
123.3,34.9,35.96,37.7,118.2,4.22,8.49,9.04,1.95,21.6,59.3,35.2,9.8,3.8,6.4
113.8,37.7,26.8,35.7,100.4,6.07,7.58,8.67,1.99,20.32,61.2,72.5,15.8,29.9,8.0
120.3,22.3,16.62,42.8,91.2,5.08,7.54,8.37,0.7,21.8,65.6,48.9,17.6,22.2,4.6
119.3,21.2,14.91,34.4,40.0,5.63,1.76,3.06,13.8,6.58,41.2,67.2,1.2,25.0,30.9
117.1,34.1,25.22,11.7,9.8,4.06,2.45,0.94,7.78,10.38,57.9,66.0,0.5,10.1,98.6
111.7,32.4,35.44,31.9,40.4,6.49,6.71,3.14,11.41,1.66,37.5,40.2,3.2,15.4,26.2
112.6,20.9,12.41,13.6,1.8,6.92,3.25,0.71,13.36,7.13,49.9,55.2,11.5,2.7,111.6
116.1,16.6,11.57,18.9,16.6,6.02,4.16,1.59,10.98,0.71,28.4,64.9,0.2,1.9,74.5
130.0,16.0,17.65,15.4,26.4,4.81,2.65,1.5,13.91,2.59,55.3,53.0,-3.1,27.5,63.7
117.4,19.9,23.21,7.8,2.1,5.07,2.9,0.15,17.24,1.5,51.0,52.0,-9.6,2.2,96.9
110.8,17.2,30.3,5.4,0.4,4.16,3.67,0.53,4.09,10.07,61.1,33.4,-1.0,16.4,116.2
124.2,20.6,19.5,21.2,24.8,5.18,6.93,1.55,4.19,8.28,76.2,65.8,4.8,8.0,55.2
124.6,30.0,11.88,7.9,1.5,5.64,5.31,0.39,4.93,8.65,32.6,74.4,5.1,13.8,105.1
117.1,14.9,36.82,22.8,13.1,6.36,1.44,1.74,14.68,5.93,63.8,52.6,-3.6,28.6,72.4
116.0,38.1,28.03,32.3,47.4,6.29,5.26,3.16,15.23,1.38,22.1,60.4,17.3,22.4,25.9
128.7,21.5,37.84,29.3,55.1,4.88,0.58,3.83,15.16,10.6,37.5,60.8,16.8,27.7,21.5
122.8,22.4,39.52,4.3,9.8,4.49,2.55,0.82,9.76,9.34,57.8,77.1,-1.7,20.3,117.4
119.1,21.5,39.16,38.6,97.9,6.8,5.84,10.92,1.37,21.46,39.9,46.6,17.9,28.2,2.2
127.6,12.4,10.35,13.9,7.8,6.36,5.14,0.43,11.86,12.22,38.9,47.0,-5.4,18.1,95.1
121.3,27.8,16.21,7.6,5.1,5.95,1.0,0.56,13.09,8.92,25.7,40.7,1.2,1.2,86.2
129.6,14.8,19.84,27.2,39.4,5.24,7.09,2.56,4.01,11.74,47.9,53.6,8.0,12.8,33.0
118.8,33.2,27.41,6.8,4.2,4.09,5.45,0.55,9.85,3.47,68.9,50.8,2.9,21.1,106.2
112.9,35.5,14.36,28.3,43.9,6.75,1.27,2.51,6.05,14.0,40.4,33.4,6.1,9.7,28.2
126.4,24.4,25.38,13.8,5.8,4.17,2.22,0.2,12.49,12.28,68.7,37.7,-3.2,22.9,117.9
129.6,33.1,13.02,15.5,11.7,5.72,3.29,2.4,5.42,1.61,36.7,78.9,17.3,21.4,68.9
114.4,16.7,29.14,35.2,94.5,6.41,8.33,10.45,2.06,17.52,76.8,67.6,15.2,2.6,8.1
126.8,13.0,15.93,38.9,101.3,5.03,9.71,8.58,2.7,24.66,33.0,66.7,19.9,17.2,0.6
110.3,14.1,21.98,37.3,91.2,6.32,8.13,11.08,1.46,18.4,53.1,54.7,2.7,29.0,8.6
121.1,38.7,33.18,33.7,41.3,6.31,4.48,3.66,15.5,6.62,74.1,76.7,9.4,22.6,20.0
126.4,29.5,18.65,12.3,5.3,5.43,2.07,0.41,1.65,3.34,69.7,44.9,6.7,1.9,115.7
113.0,37.2,28.03,14.3,2.4,5.89,5.93,0.38,19.51,9.53,44.9,63.1,6.1,29.0,109.6
110.2,19.4,37.69,37.5,98.6,6.21,8.75,9.62,1.9,16.32,70.8,66.1,-9.6,13.7,8.6
114.6,38.0,17.73,9.4,2.2,6.42,5.92,0.79,3.35,5.71,48.7,76.7,12.5,7.8,115.2
122.3,21.9,29.28,37.6,104.7,6.71,7.05,11.0,1.77,23.21,72.2,68.3,2.2,4.1,7.4
120.4,15.6,13.62,10.9,1.9,6.24,3.53,0.9,3.07,1.15,62.1,74.8,19.3,12.2,93.7
111.6,29.3,18.05,19.1,26.1,6.33,0.56,1.57,17.08,5.19,27.4,30.4,-9.9,20.9,64.9
117.5,11.0,20.13,39.4,112.6,6.51,5.8,11.36,1.89,15.65,38.1,35.7,12.4,15.4,0.3
110.2,30.1,16.01,16.8,21.8,4.95,1.49,1.49,5.83,1.68,48.9,55.6,-3.8,20.8,69.6
127.0,35.5,38.92,14.5,4.4,6.14,3.98,0.46,4.21,5.93,52.4,65.5,12.9,11.6,114.2
125.2,22.5,39.42,9.3,9.5,5.26,6.98,0.54,17.48,7.95,43.9,49.6,4.6,17.1,118.7
113.7,11.0,18.99,5.9,4.0,4.24,0.64,0.54,15.46,0.6,48.5,77.8,-6.0,22.1,96.3
112.6,26.3,28.75,18.1,29.4,6.09,7.71,1.78,15.03,14.56,65.1,65.9,15.4,1.7,58.4
111.5,11.0,16.48,18.4,23.6,4.54,1.41,1.18,3.84,11.89,35.0,56.4,8.7,14.2,60.1
126.2,37.3,27.58,11.5,9.4,6.42,7.13,0.69,19.27,3.28,52.9,57.4,-4.6,13.8,86.6
111.6,18.2,20.86,4.5,10.0,6.34,0.9,0.49,12.19,8.43,73.9,41.6,5.8,7.7,100.0
116.5,29.6,27.78,28.2,59.4,4.76,0.75,3.41,12.05,3.05,76.5,30.8,-3.8,3.5,22.7
129.2,10.3,33.78,17.4,10.1,6.98,7.55,1.61,8.38,0.28,62.3,76.9,-6.8,26.3,73.0
128.4,15.1,38.33,26.2,48.8,5.73,4.67,4.02,1.05,12.11,69.0,75.1,-7.0,4.9,23.3
110.4,24.4,32.89,27.2,58.2,4.97,1.25,2.62,7.25,4.26,39.3,59.5,11.9,23.5,21.8
114.5,22.9,28.38,10.1,2.1,4.68,7.32,0.35,10.72,9.19,58.5,75.5,-3.8,8.6,96.0
114.6,34.3,17.88,23.3,25.5,5.53,2.76,1.47,4.02,4.46,52.0,62.0,19.1,13.0,49.3
114.3,23.0,34.71,4.9,5.4,6.32,4.82,0.22,1.07,3.14,57.0,68.0,15.4,1.6,109.7
113.2,15.1,35.38,41.1,117.0,4.32,5.4,10.29,2.19,15.65,26.7,60.2,19.0,11.3,0.9
112.1,31.3,22.06,28.2,57.4,6.99,3.77,3.24,5.02,0.61,22.3,55.3,16.6,15.6,20.0
120.6,29.8,12.64,43.7,96.4,5.18,8.69,9.57,1.08,17.86,63.5,49.9,-1.2,10.0,8.3
117.1,29.3,34.25,8.4,9.4,6.95,4.52,0.96,7.6,12.35,25.8,75.5,-7.4,28.3,103.9
128.0,32.0,15.2,39.8,119.8,4.4,5.67,10.37,0.86,24.88,56.9,38.5,11.0,4.8,6.1
118.7,39.5,38.86,41.3,116.6,6.18,8.63,9.06,1.79,18.16,48.7,78.2,-8.2,18.9,9.4
119.9,14.1,27.71,24.5,16.9,5.92,4.47,2.32,17.09,11.74,39.2,42.2,14.4,18.8,46.3
123.4,13.4,19.5,20.0,15.6,4.07,4.89,1.43,1.05,6.93,76.8,58.4,3.3,24.6,45.5
127.7,14.2,39.43,4.4,5.0,6.6,1.95,0.92,11.43,13.96,23.6,36.0,19.1,29.6,110.3
127.8,10.7,39.88,37.0,95.5,6.33,6.78,9.21,0.25,15.22,44.7,64.7,7.9,2.6,3.2
119.5,31.3,24.31,6.3,5.7,6.31,4.53,0.25,9.36,13.44,58.7,34.9,7.5,23.0,109.6
125.5,19.2,38.65,13.0,3.5,5.77,2.87,0.51,15.02,0.24,60.7,57.2,1.6,21.3,119.2
123.2,28.3,26.76,7.1,1.8,4.59,0.21,0.79,17.62,10.14,65.4,73.8,0.2,11.1,91.5
126.1,11.2,32.38,35.1,119.8,6.5,6.64,8.41,2.89,19.12,79.6,63.0,10.8,9.4,7.7
118.3,17.0,18.95,22.2,11.3,5.16,6.64,1.31,18.87,2.4,65.4,46.4,12.9,20.8,64.4
112.7,39.5,22.23,10.8,4.5,6.34,5.09,0.32,4.99,2.42,50.7,70.1,17.4,19.0,114.9
112.1,17.0,14.83,27.6,49.9,4.75,4.49,3.92,8.23,0.05,41.7,49.6,11.9,22.3,23.0
128.9,22.6,24.06,33.3,35.8,6.44,1.84,2.78,11.83,7.32,32.7,33.5,-7.8,16.5,31.8
113.4,23.2,31.42,14.8,0.0,6.03,4.92,0.98,16.09,5.44,21.5,63.7,8.7,8.4,92.0
124.5,10.8,38.25,14.6,1.5,4.07,1.59,0.35,3.39,2.42,35.1,51.4,2.8,28.8,112.0
127.7,33.5,17.3,29.9,56.2,6.3,3.45,3.08,7.09,8.39,56.8,68.7,-0.3,18.8,20.5
115.5,19.8,11.37,14.0,3.5,4.64,0.9,0.88,4.83,12.4,77.5,45.3,12.2,26.7,118.2
114.1,10.8,14.19,33.6,49.7,5.62,1.33,4.35,11.18,0.18,23.1,62.3,-4.6,26.9,24.5
128.6,32.4,37.96,19.6,11.3,5.32,3.82,2.45,10.34,4.85,31.9,40.1,0.6,6.7,74.5
120.8,21.0,14.23,24.5,20.8,4.39,4.89,1.72,17.73,0.67,58.2,76.5,8.9,20.4,54.3
122.2,38.3,17.3,28.5,47.3,5.79,3.44,3.7,17.62,12.48,41.9,34.8,13.6,23.6,19.5
126.7,23.2,26.88,21.5,11.8,4.03,4.78,2.38,10.83,3.23,29.7,51.2,4.1,13.0,72.2
116.8,19.8,32.55,26.1,52.9,6.74,6.53,4.48,17.68,0.41,66.7,64.4,13.6,24.8,18.8
120.3,23.1,39.84,37.2,94.3,6.4,6.33,10.43,1.05,21.12,57.5,66.9,-4.5,23.6,3.8
127.7,19.5,23.48,28.1,42.9,5.04,0.4,3.68,14.77,10.57,27.8,46.3,-4.9,0.9,20.5
123.5,13.6,16.68,34.3,53.0,4.32,1.29,3.03,5.15,11.13,38.1,57.4,-0.3,17.7,32.5
122.8,27.9,10.05,8.7,3.5,4.38,0.94,0.12,13.55,7.23,27.5,40.5,2.1,4.6,87.6
129.8,33.6,13.43,5.3,5.0,4.88,5.64,1.0,12.97,6.89,23.4,64.6,12.5,29.0,95.9
116.0,35.7,18.86,31.0,32.2,5.05,2.52,3.08,1.12,3.67,52.9,70.1,0.1,11.2,20.8
121.9,22.6,28.11,9.2,1.4,4.8,1.7,0.5,13.82,12.35,52.5,69.1,9.0,2.6,96.6
118.1,10.0,34.95,18.8,18.1,6.41,4.08,1.77,6.62,13.07,29.8,38.4,4.2,21.1,48.1
111.1,10.0,36.88,26.8,46.6,4.22,7.76,2.94,13.48,8.73,64.7,71.1,15.3,21.6,30.9
112.0,13.7,17.08,19.4,22.7,4.27,4.79,1.79,9.9,14.22,47.6,46.2,15.1,18.0,68.3
116.9,18.9,31.72,32.6,44.2,4.33,0.68,4.28,16.85,1.55,53.2,56.3,15.3,25.8,20.8
119.1,32.4,37.86,42.9,114.6,6.24,7.53,9.19,2.46,23.09,20.4,35.5,5.6,5.3,9.7
121.9,29.9,25.29,18.3,21.1,4.81,2.59,1.08,17.05,10.88,69.7,72.5,18.7,27.1,60.0
124.4,31.8,22.34,26.0,42.0,6.09,4.05,3.22,6.69,4.09,45.6,48.6,-6.9,5.3,20.5
115.6,31.6,38.53,21.4,15.4,6.54,0.18,2.12,5.78,5.65,35.6,32.6,7.9,0.6,58.9
114.1,31.4,23.8,34.8,55.2,6.28,3.99,4.29,15.17,6.02,48.3,41.7,-7.1,20.0,20.4
121.9,33.1,39.16,28.0,38.8,5.26,0.33,2.88,17.92,10.21,25.2,36.5,-1.3,15.3,28.0
114.8,16.7,18.14,44.0,119.2,4.25,5.42,11.77,1.91,20.55,38.9,55.9,20.0,7.9,4.8
115.4,17.8,11.32,16.0,11.2,4.08,3.03,1.08,8.51,2.51,56.9,69.8,-9.1,18.3,48.8
119.8,10.9,17.78,44.9,107.8,4.06,8.37,11.45,2.07,16.07,44.7,42.9,4.5,21.9,0.3
116.8,38.0,25.37,25.3,42.4,5.22,6.88,4.26,13.44,7.71,75.2,31.3,1.1,26.5,25.9
127.8,25.0,18.39,35.5,100.7,6.2,7.25,11.38,0.96,15.2,53.5,53.0,1.1,19.5,6.6
111.4,35.3,31.72,9.8,2.1,5.45,2.14,0.47,8.04,9.93,31.4,67.6,-8.8,16.0,116.8
127.5,12.6,33.11,18.8,16.2,6.16,5.01,2.26,14.69,11.06,72.2,61.7,0.9,19.7,62.6
117.7,25.2,17.26,40.0,105.1,6.48,8.91,9.26,2.19,15.96,44.3,67.6,16.8,17.7,5.2
115.6,22.9,25.6,17.7,20.9,6.65,3.18,2.17,7.36,5.75,33.8,52.8,15.0,8.5,52.2
127.7,23.4,16.79,32.9,38.8,6.79,4.4,2.74,5.57,3.03,31.8,54.6,13.2,20.0,18.3
126.3,26.2,35.49,32.3,56.7,5.48,7.19,3.87,5.81,2.64,75.1,46.3,-1.2,18.8,28.7
125.6,34.8,24.81,13.0,1.2,5.24,4.83,0.16,11.94,3.4,54.7,74.0,7.1,27.8,114.0
128.0,14.3,34.85,7.1,6.0,6.92,1.55,0.86,6.81,4.06,76.9,39.4,-4.5,4.0,96.8
125.2,20.5,26.43,26.7,43.4,6.51,6.4,3.04,13.95,7.31,31.7,31.7,-1.1,3.3,31.9
117.6,22.6,28.31,44.3,99.2,6.29,7.72,8.64,2.68,20.87,78.4,54.9,18.8,4.9,6.4
117.4,36.8,27.66,4.9,2.5,5.74,4.97,0.67,15.95,5.06,51.4,48.7,11.0,18.3,107.6
112.0,33.9,31.66,6.1,2.1,5.69,0.25,0.99,7.44,10.64,69.6,50.9,2.7,21.0,97.9
125.1,38.9,20.38,10.5,2.0,4.23,3.01,0.73,4.59,12.37,58.9,67.1,10.0,11.2,86.3
112.8,38.0,20.51,43.4,107.3,6.97,6.8,8.59,2.93,15.92,55.4,77.4,14.1,29.3,3.7
126.8,28.0,37.3,14.0,8.1,4.87,5.33,0.44,8.05,13.5,35.7,41.9,3.7,22.8,108.9
122.2,23.5,15.25,36.6,100.9,6.1,8.9,10.43,2.13,17.87,55.0,31.0,-0.9,15.8,1.0
121.2,14.1,20.3,6.1,8.6,4.42,2.06,0.86,17.66,9.87,47.3,45.1,9.5,23.2,116.2
114.3,33.3,10.65,43.1,105.5,5.72,6.09,9.43,2.93,17.56,54.7,31.0,-6.4,6.8,4.5
120.7,30.0,34.83,8.1,1.9,5.43,4.31,0.88,5.26,8.58,49.0,47.1,8.3,15.6,95.3
119.3,13.5,17.06,42.8,91.1,6.42,9.53,10.64,1.2,17.96,40.7,40.0,-5.2,27.1,1.5
129.1,24.4,33.05,34.0,57.9,4.87,7.03,2.91,3.2,5.43,69.2,35.5,19.2,19.5,21.7
125.3,14.8,23.04,12.1,7.9,6.14,0.51,0.71,0.67,12.46,55.6,77.1,-6.7,26.3,109.8
128.9,10.3,18.37,18.1,21.0,4.2,4.63,1.32,7.4,4.78,49.6,41.7,17.2,30.0,53.8
121.1,20.4,14.31,33.4,38.2,5.79,2.46,4.41,12.19,13.67,42.7,45.7,-7.4,14.7,28.3
114.5,36.3,19.16,20.1,23.2,4.66,4.91,1.73,14.33,5.29,49.8,31.0,-2.3,0.7,68.1
126.0,14.9,13.28,11.8,6.6,4.99,1.23,0.25,15.01,4.02,23.7,73.3,6.8,5.5,104.5
119.8,22.8,39.28,18.7,27.1,4.88,7.02,1.99,16.93,5.95,65.0,65.2,-9.7,10.0,45.5
112.5,28.3,22.0,19.5,21.3,6.45,4.87,2.19,5.07,8.24,73.1,57.7,9.4,2.4,46.5
129.4,20.8,34.95,28.1,45.0,4.83,1.53,3.82,17.55,4.03,26.0,73.6,-4.9,20.2,18.8
113.1,28.5,10.67,43.0,115.8,4.58,6.61,8.31,1.16,16.91,21.2,74.0,-0.3,2.0,9.6
116.0,28.4,17.03,16.2,11.1,4.19,6.17,1.64,2.28,7.57,33.6,41.8,-2.6,28.1,74.4
127.9,40.0,17.12,36.6,103.6,4.01,8.71,11.12,1.72,24.09,64.6,32.0,14.5,21.7,1.4
115.4,11.0,17.11,27.1,46.5,6.31,3.72,3.09,10.67,5.14,69.7,74.6,-0.2,10.9,24.9
119.1,30.3,36.37,19.6,15.3,5.39,6.47,1.23,2.76,10.26,20.9,78.8,-0.3,9.5,50.1
120.3,13.6,36.93,21.0,18.6,5.56,0.73,1.35,13.02,11.04,34.5,36.6,18.1,27.5,70.5
116.1,31.8,10.38,40.1,110.5,4.64,8.76,10.62,0.76,24.74,41.6,66.6,9.3,13.2,2.2
111.8,29.9,36.7,5.7,6.7,6.04,2.22,0.36,4.22,10.97,76.4,65.3,15.7,21.5,95.0
128.3,36.7,30.62,20.1,11.6,4.51,1.65,1.29,8.32,11.04,23.5,42.6,15.1,4.1,69.0
116.6,20.0,25.93,31.2,31.9,5.55,3.23,4.31,3.26,3.42,24.3,53.6,1.3,9.8,21.7
126.1,19.5,14.58,19.6,28.8,4.7,4.74,1.78,5.7,9.57,25.7,46.1,-7.4,8.4,69.7
115.9,14.3,36.06,43.5,94.9,4.95,8.17,8.43,2.91,18.67,78.8,43.5,14.0,6.4,9.9
112.8,22.3,23.56,20.4,14.5,6.06,5.22,1.04,16.71,11.22,35.7,64.7,11.3,18.3,45.5
126.8,20.7,39.19,17.5,22.1,4.4,5.38,1.44,19.2,8.9,47.1,37.2,7.7,23.3,51.3
118.1,15.0,38.68,10.1,5.4,6.83,7.07,0.15,11.61,9.89,65.3,78.1,-4.4,7.2,98.5
127.2,23.4,37.84,44.9,106.6,5.19,8.45,9.72,1.06,20.74,38.9,55.9,15.8,5.3,1.0
115.1,22.4,18.69,20.5,17.1,4.86,7.45,1.93,12.32,11.15,58.1,63.9,18.6,9.8,45.2
115.7,13.1,24.71,30.2,47.8,6.64,2.65,4.06,8.87,14.69,34.0,51.8,5.1,21.5,23.0
120.4,36.1,34.26,28.0,41.5,6.8,5.27,3.17,10.23,5.88,74.7,68.2,5.6,27.1,34.2
118.5,31.8,12.7,29.8,31.2,4.58,5.41,3.86,3.73,11.24,34.6,41.9,17.3,30.0,34.0
127.7,28.0,25.59,27.2,33.9,4.65,6.21,3.31,10.28,14.08,70.9,32.1,8.9,4.2,23.5
123.3,15.4,34.44,40.6,95.9,5.64,7.88,10.85,1.51,19.61,66.4,49.8,-0.5,26.1,3.1
120.7,29.1,22.91,10.9,5.3,4.01,0.2,0.17,0.62,5.13,59.7,31.2,14.0,16.5,115.3
120.4,30.8,19.78,31.4,38.0,4.85,5.31,2.63,17.76,13.55,24.6,59.4,18.0,7.0,30.9
113.6,22.9,30.57,24.5,24.9,6.41,6.65,1.97,10.77,3.29,33.5,34.1,14.6,6.3,65.0
119.8,29.5,29.27,40.0,102.1,5.54,8.68,10.62,1.22,20.81,31.5,75.0,6.7,11.9,9.5
119.2,37.1,18.29,11.3,7.6,6.11,3.12,0.59,8.93,0.76,53.2,76.9,11.0,26.7,105.5
115.0,37.4,19.08,28.7,46.3,6.57,5.37,4.44,4.34,13.78,39.1,49.6,-2.4,4.8,18.1
123.6,11.7,26.44,15.6,21.3,5.25,5.6,2.08,10.4,9.07,35.8,72.4,18.5,15.3,45.4
115.9,32.2,29.43,4.7,9.5,6.76,5.4,0.13,18.94,3.39,72.0,55.2,19.3,13.2,93.7
121.7,13.2,13.82,31.9,38.2,4.28,3.32,3.96,2.54,1.14,69.2,68.1,-1.3,29.0,27.6
126.5,27.2,15.19,38.6,104.2,5.08,7.01,10.47,0.03,22.98,33.4,72.4,3.5,23.3,9.4
120.8,18.0,17.71,34.6,40.7,6.55,3.11,3.48,4.75,6.77,75.1,47.0,1.9,8.9,18.6
112.2,25.8,35.41,9.9,2.5,4.21,3.2,0.33,7.02,10.2,54.0,53.0,-9.5,7.7,105.0
117.9,25.4,21.14,39.3,102.8,5.79,6.75,8.64,1.3,15.93,52.3,68.9,8.0,19.2,9.2
120.1,34.9,23.01,10.0,8.6,4.93,2.19,0.52,8.22,10.47,28.0,39.8,15.9,24.6,88.3
125.5,22.9,12.89,29.7,39.8,4.01,2.25,3.64,13.91,13.77,43.6,30.9,2.7,28.6,31.7
117.2,25.5,26.76,26.8,50.4,5.96,6.18,3.47,19.31,10.71,49.5,74.0,2.5,12.7,24.2
120.4,37.0,22.92,12.9,8.3,4.73,4.72,0.53,7.71,10.16,23.7,72.9,-0.3,26.0,102.4
127.5,12.2,22.18,20.8,30.0,5.5,1.1,1.34,10.87,6.91,21.4,54.0,18.1,17.0,56.3
124.7,20.0,37.36,38.9,97.3,5.77,9.17,10.33,2.18,16.81,24.3,56.0,0.7,19.2,2.5
129.3,32.0,34.61,26.7,46.8,5.3,2.96,2.63,11.58,2.71,78.7,33.1,5.8,27.0,20.7
110.9,37.8,19.28,33.7,41.9,4.12,2.84,2.68,3.56,9.37,58.5,64.0,0.1,27.0,22.7
127.0,22.3,13.75,43.6,116.7,6.59,8.96,10.67,2.34,24.83,46.0,57.7,16.7,2.7,1.9
121.2,36.8,20.91,22.9,15.4,4.9,3.48,1.2,9.29,2.57,61.8,61.5,11.2,18.7,52.0
111.1,31.5,29.27,22.4,28.0,4.01,6.88,1.35,18.65,14.0,70.7,48.7,3.0,0.1,57.2
121.2,31.2,20.11,40.5,99.0,5.69,6.68,8.7,1.61,23.18,34.7,66.4,5.7,2.5,0.8
120.2,26.0,13.92,7.1,6.0,4.72,2.01,0.62,11.42,5.62,55.9,75.8,7.3,9.9,119.1
120.7,16.4,31.27,31.0,52.9,4.28,4.93,3.71,10.88,10.44,26.6,49.1,9.6,10.9,33.4
126.3,30.9,13.74,5.0,5.0,6.75,0.93,0.75,5.57,0.76,77.5,67.1,-0.0,23.0,116.2
123.5,10.4,22.24,42.7,106.7,5.6,8.66,11.05,0.43,20.17,33.4,70.0,10.9,12.3,3.2
124.9,22.9,17.98,39.6,117.2,5.4,5.75,11.16,0.24,24.38,61.9,73.0,16.1,22.5,7.9
125.6,29.7,28.7,5.4,2.5,4.13,1.52,0.71,15.25,0.43,74.1,42.8,-8.1,2.0,107.8
120.9,40.0,11.53,5.2,4.5,6.31,7.56,0.54,18.83,3.32,26.5,62.3,3.5,15.3,89.1
125.6,11.6,29.37,13.3,0.1,5.38,6.32,0.14,2.02,8.1,48.6,73.7,11.6,11.8,86.8
110.1,38.8,22.14,31.5,57.9,6.58,6.23,2.99,7.43,1.5,21.4,48.6,9.4,27.1,34.1
127.0,22.6,26.8,33.6,50.2,4.19,6.33,3.73,9.59,3.16,51.6,41.1,-4.7,28.2,25.2
116.8,35.9,39.31,34.2,40.6,4.64,5.95,4.14,8.55,2.01,53.1,56.9,17.8,18.2,33.4
123.8,38.1,34.08,18.5,26.2,6.41,0.4,2.09,17.51,10.47,33.9,52.4,2.3,21.5,74.0
111.0,24.2,17.98,38.8,114.9,6.37,5.89,11.83,2.43,17.49,38.5,78.6,0.6,11.8,9.7
128.3,38.1,21.93,20.9,24.3,4.6,6.75,1.48,8.59,12.4,69.4,66.2,4.3,10.4,47.7
126.3,28.6,21.82,32.1,32.3,6.66,4.94,2.61,17.59,9.01,74.7,37.2,14.2,0.2,27.9
125.9,12.0,22.93,14.4,1.0,6.12,4.4,0.16,16.95,3.31,41.3,73.1,-4.5,0.3,96.8
129.4,12.8,25.73,26.1,34.4,6.68,4.16,2.85,7.49,5.98,42.6,32.3,3.0,24.8,18.6
122.2,20.4,25.8,34.0,58.7,5.6,4.7,3.89,4.07,0.42,46.3,58.7,9.0,22.3,18.8
116.3,25.0,21.84,17.3,20.2,4.99,1.33,1.47,16.67,2.98,76.3,75.1,-8.4,25.3,73.9
112.6,39.9,35.28,9.5,2.7,5.19,1.61,0.17,1.11,2.15,67.8,59.8,17.3,16.5,91.9
110.9,19.8,17.72,20.4,28.3,5.99,2.69,1.48,10.42,9.13,41.9,55.1,-3.4,26.3,57.9
125.0,39.6,18.15,36.7,119.8,6.08,5.1,10.17,0.2,24.88,77.6,74.0,-9.9,14.4,3.1
116.4,32.5,27.05,17.8,11.7,5.27,7.67,1.4,19.01,5.67,53.3,76.8,5.7,1.6,72.3
128.3,21.4,25.34,38.7,100.3,6.98,6.52,8.85,1.3,16.1,37.4,41.5,14.1,23.9,7.8
113.9,12.9,24.9,4.7,1.9,6.36,1.7,0.89,18.71,1.22,32.5,37.1,-5.0,20.5,86.6
127.3,39.9,16.3,23.2,21.1,4.55,6.42,1.24,7.34,13.69,28.8,36.0,6.7,1.7,62.6
120.4,26.3,12.82,7.5,1.2,6.89,5.41,0.6,15.56,13.43,60.6,60.0,9.3,11.6,98.1
125.5,27.8,35.18,13.6,8.2,6.9,6.39,0.43,9.42,8.46,64.5,61.3,-9.8,2.3,98.6
117.5,35.9,29.32,25.2,44.2,4.45,4.08,3.71,1.31,10.48,56.5,43.8,0.1,15.0,31.4
117.5,34.7,39.06,28.5,30.7,6.36,2.45,4.13,11.47,1.15,50.1,42.9,19.3,1.4,32.2
120.8,31.2,22.68,40.2,95.3,4.35,8.92,11.19,2.81,23.7,77.4,72.0,11.8,4.4,9.7
129.4,30.0,14.61,18.5,28.5,6.49,5.82,1.34,11.53,12.23,58.8,57.3,-4.2,13.4,64.3
110.9,23.2,22.49,41.7,110.6,6.05,5.4,9.33,0.67,17.31,52.1,49.7,9.6,16.8,5.2
118.2,26.8,28.51,10.8,9.3,4.04,0.71,0.67,15.13,5.21,60.9,64.0,18.8,11.7,91.9
129.5,21.7,38.91,16.6,21.7,6.14,5.62,1.42,13.75,0.28,75.7,78.8,11.2,27.0,72.5
116.4,37.1,12.64,40.3,102.9,5.28,6.91,10.45,1.85,18.28,25.4,76.5,-4.9,24.8,4.6
121.6,17.9,24.21,29.7,48.8,4.23,6.82,3.99,2.55,5.73,74.9,67.9,3.3,23.7,29.5
122.2,11.8,11.17,40.1,101.1,6.09,7.1,10.11,2.31,17.16,76.9,34.8,3.7,1.2,2.2
127.4,31.2,32.69,11.4,8.9,5.87,1.36,0.19,9.69,11.75,29.1,66.3,5.9,29.2,102.9
117.4,15.1,38.51,15.4,26.8,6.48,7.43,2.22,14.82,6.73,67.5,56.1,17.0,5.1,53.8
123.8,17.9,18.26,11.7,1.6,5.16,4.89,0.82,5.73,6.29,42.7,64.1,1.8,23.8,99.9
112.7,17.6,26.3,43.3,91.3,6.79,9.07,8.61,1.49,21.69,54.5,50.5,-5.2,5.1,8.0
121.4,32.6,20.6,15.3,21.1,4.63,1.23,1.08,2.52,1.17,43.5,50.5,18.0,8.2,64.6
122.5,34.8,30.51,28.1,38.9,4.78,2.7,2.94,3.21,6.29,56.8,52.9,11.6,30.0,33.7
117.4,21.5,26.73,19.6,26.5,5.54,0.19,1.46,6.21,3.4,65.4,75.6,9.5,1.3,68.2
123.8,27.6,32.54,8.1,0.1,4.9,3.66,0.3,14.1,7.97,69.2,58.8,-3.5,24.3,89.2
117.2,29.3,21.52,42.9,116.6,6.02,9.71,11.56,1.91,24.14,51.9,32.7,-0.2,8.5,5.7
129.5,23.9,34.8,5.5,8.3,6.27,2.38,0.74,5.47,2.72,48.6,42.4,3.1,2.7,89.0
118.7,31.9,22.24,30.3,57.7,4.22,6.62,4.11,4.88,4.1,77.6,75.4,0.2,17.2,25.7
116.1,20.3,39.87,32.6,44.6,6.5,4.24,2.97,16.18,14.04,35.1,53.0,16.9,11.7,34.5
110.7,27.8,21.25,35.0,37.1,4.42,0.65,4.26,15.78,5.76,53.4,42.5,8.1,19.0,34.1
124.2,21.8,10.07,23.7,14.0,5.53,4.48,1.83,4.23,7.02,21.2,75.8,4.4,25.8,63.5
114.3,29.0,32.94,9.1,5.4,5.49,1.01,0.5,0.01,12.08,43.0,52.2,6.4,1.5,98.5
119.0,33.7,22.33,12.9,3.4,6.89,5.44,0.14,19.62,7.16,57.2,73.0,13.8,17.4,119.5
111.1,18.9,16.49,30.3,52.7,6.49,1.53,3.03,8.1,13.35,71.9,52.6,6.9,28.9,20.0
117.0,23.5,35.73,14.0,6.7,5.41,6.6,0.28,19.47,10.97,79.9,45.6,13.3,15.1,92.8
129.1,35.1,20.46,14.8,8.7,6.71,3.52,0.97,5.62,14.02,43.6,36.2,14.5,7.8,86.8
126.0,24.5,30.09,44.2,114.5,4.74,9.57,10.12,1.39,17.09,26.1,33.0,7.6,9.2,8.3
110.8,13.3,39.37,4.6,3.8,6.09,6.44,0.66,13.57,6.44,54.7,64.6,19.5,19.5,104.4
111.5,32.5,35.58,41.4,116.3,6.67,5.49,10.55,1.5,18.37,52.0,69.1,5.4,28.9,6.9
118.7,17.1,36.54,32.7,31.5,5.53,5.61,4.35,13.36,1.24,40.4,79.9,19.6,12.9,34.5
126.2,25.4,13.13,23.0,25.6,5.74,0.9,2.28,7.86,3.22,55.9,31.0,18.9,16.9,65.6
114.2,11.9,27.43,44.2,111.8,4.16,9.25,9.54,0.96,22.32,27.6,73.4,4.3,7.4,3.2
117.5,35.2,16.13,35.0,31.6,5.21,1.0,3.44,9.43,5.76,21.3,52.6,-1.3,20.0,33.1
129.7,17.2,19.49,8.1,5.9,6.59,7.52,0.5,11.56,9.01,53.8,45.7,1.0,12.6,118.0
110.9,35.8,18.19,15.5,12.6,4.47,4.09,1.75,17.78,6.96,37.2,78.3,0.7,10.8,65.8
126.6,13.6,39.88,39.8,96.3,5.1,7.18,8.76,2.61,24.0,52.2,41.0,-1.8,14.8,8.5
128.6,38.9,17.26,8.5,9.9,6.94,4.82,0.69,12.45,12.74,28.1,32.0,12.7,27.9,101.6
127.7,33.4,31.36,16.1,19.3,5.85,1.17,2.44,7.94,8.24,75.5,37.0,18.6,17.8,53.6
129.8,17.5,25.16,5.4,5.5,6.98,0.54,0.17,1.25,14.49,68.2,71.5,17.7,1.5,88.2
126.1,11.1,29.02,13.1,7.2,4.16,5.4,0.71,6.53,9.86,41.4,58.6,-0.8,28.2,105.7
113.8,20.0,24.2,18.6,26.9,4.27,6.36,2.35,3.97,7.04,25.1,53.6,16.8,20.1,52.6
112.9,14.9,35.01,13.9,8.3,4.03,2.68,0.17,15.54,5.9,44.3,56.0,17.6,28.6,107.2
119.2,36.9,26.38,40.4,110.1,5.01,8.68,11.93,1.78,15.04,71.8,51.5,8.3,15.1,3.7
114.2,35.8,35.56,39.5,111.7,5.59,7.77,11.06,0.65,19.4,61.4,75.8,17.5,23.4,6.3
116.2,30.4,12.57,34.2,43.5,5.64,3.26,4.43,6.7,5.68,72.4,57.3,16.5,19.9,32.1
128.5,29.6,11.74,38.0,90.5,5.5,5.14,11.85,0.37,17.79,32.1,65.0,17.6,17.6,7.5
126.3,35.8,21.64,10.8,1.4,5.31,3.34,0.82,17.29,12.08,43.8,64.9,8.7,9.6,105.7
128.6,25.7,11.17,6.5,9.5,5.71,0.93,0.61,2.94,5.19,54.0,71.9,-4.2,9.5,91.5
121.4,34.1,13.09,18.6,16.4,6.34,6.27,2.48,10.82,3.74,73.6,37.9,12.5,11.0,48.9
126.1,26.3,23.76,9.7,8.0,6.94,1.37,0.67,6.05,3.99,46.0,35.6,0.0,12.3,92.9
119.7,17.9,23.69,23.8,29.6,6.15,3.25,1.58,10.23,7.94,63.1,45.5,18.4,11.9,53.0
112.7,38.4,17.49,37.0,106.5,5.72,6.16,9.25,2.36,20.43,48.0,58.8,1.7,22.3,6.6
116.7,30.3,31.72,40.5,110.7,5.56,9.51,11.0,2.34,19.76,21.6,34.1,-7.1,4.6,5.1
129.9,22.1,28.27,30.8,46.4,5.23,4.92,3.94,10.76,6.74,59.2,69.5,8.7,26.1,19.2
128.1,19.6,16.85,21.6,16.0,5.34,3.41,1.59,12.06,0.65,45.7,40.7,17.9,18.4,62.1
115.8,19.8,24.98,26.6,52.9,4.98,7.77,3.28,12.6,2.88,67.7,46.0,11.2,17.3,24.8
127.3,19.8,19.28,8.1,4.0,6.32,2.24,0.77,11.86,4.92,46.6,67.9,14.2,30.0,113.5
124.7,39.7,19.59,39.8,117.1,6.02,6.64,8.07,0.84,22.67,67.6,71.3,13.7,18.4,8.9
115.4,17.1,31.89,19.0,11.0,4.81,4.72,2.43,1.29,6.1,49.1,50.9,18.2,16.8,57.3
110.6,10.7,16.78,25.7,49.6,4.2,0.87,4.0,10.32,7.5,59.4,52.8,5.8,9.1,27.4
129.4,36.4,21.55,22.6,16.4,5.67,5.07,1.88,14.43,2.93,72.7,59.5,17.5,5.4,68.3
119.1,30.0,37.61,32.0,34.1,6.79,1.23,2.77,17.89,6.86,57.8,46.2,11.5,19.6,24.5
112.6,39.5,23.88,11.6,7.3,4.53,3.19,0.63,19.4,12.26,31.1,51.5,19.0,20.8,91.8
118.8,16.9,33.91,19.6,28.7,4.75,5.14,1.37,3.25,7.04,50.7,68.5,-6.0,3.3,73.8
111.2,21.4,28.62,5.7,2.9,5.12,1.91,0.13,3.93,0.17,33.0,55.6,-6.4,8.0,109.9
128.4,14.5,24.57,6.7,6.2,4.59,2.48,0.42,7.11,0.1,54.6,53.0,19.1,22.1,107.2
123.3,33.3,37.5,13.0,0.2,6.67,7.47,0.54,9.3,14.37,47.1,70.1,15.4,7.8,89.2
122.9,31.6,26.36,39.1,105.5,5.37,7.27,8.19,1.64,16.33,50.5,38.8,4.7,18.8,6.7
116.1,29.0,37.28,5.9,7.3,4.75,0.76,0.43,11.05,4.13,53.3,40.2,-2.1,1.8,88.3
115.2,14.2,24.84,41.6,92.2,5.64,6.39,8.19,0.83,19.39,45.1,42.8,8.4,10.9,9.0
123.2,25.4,33.68,26.1,32.2,6.95,7.36,3.67,19.41,0.16,74.5,50.3,2.5,8.1,31.9
127.2,11.9,21.68,11.7,2.7,4.74,4.33,0.17,6.13,8.2,36.6,49.7,18.0,22.2,108.1
112.1,36.6,18.42,7.2,5.9,4.41,7.77,0.85,6.26,1.01,34.4,55.9,-0.2,5.5,102.3
112.7,38.2,20.05,20.8,23.5,6.7,6.92,1.75,7.4,5.9,65.1,72.6,11.0,6.2,45.6
114.7,24.5,26.02,10.9,5.6,6.87,4.76,0.13,18.43,6.05,74.7,77.8,15.2,25.6,93.0
113.6,21.0,24.46,10.3,4.6,6.03,0.63,0.77,7.21,1.78,42.8,34.1,-4.1,2.9,108.9
118.9,27.8,23.47,24.4,17.7,5.25,4.66,1.07,16.2,7.44,59.7,65.3,-4.2,15.3,72.9
117.7,24.3,12.85,31.3,32.7,4.09,5.75,3.76,8.4,2.34,46.1,76.9,-8.3,6.5,27.3
117.3,16.4,34.04,35.2,115.2,6.47,6.28,8.68,1.39,18.8,79.1,60.5,13.6,13.8,9.6
124.1,12.0,27.43,41.6,119.2,6.33,7.36,10.58,0.47,24.67,33.9,67.0,13.7,13.6,7.2
120.9,20.1,16.59,17.0,10.2,4.16,3.69,2.36,4.45,12.06,39.9,53.7,12.4,10.7,61.1
128.8,36.8,22.61,20.6,28.7,5.4,7.08,1.13,14.04,7.68,62.6,57.1,-2.4,19.7,47.8
123.2,38.8,25.38,31.3,48.0,4.63,0.17,3.37,7.06,10.66,25.2,31.9,13.5,19.5,18.2
114.3,27.1,18.75,29.4,34.8,5.04,4.02,2.72,6.16,13.69,72.7,64.0,18.8,14.4,25.0
119.7,33.5,38.52,12.3,8.0,5.37,0.55,0.88,11.53,9.88,66.8,70.5,17.3,14.1,101.0
113.6,23.4,23.94,32.2,54.7,6.11,5.08,3.94,8.4,9.63,44.4,49.0,16.2,15.2,23.7
129.5,13.8,26.24,41.1,106.3,6.17,5.14,9.36,0.9,21.55,41.1,65.1,7.9,6.9,3.7
122.5,31.2,22.65,8.1,0.5,5.39,2.08,0.66,19.91,12.31,63.8,36.9,0.9,4.3,87.6
112.3,15.6,29.84,30.1,33.4,6.94,6.65,4.23,0.5,11.56,31.2,67.5,11.6,11.9,22.8
116.5,10.0,34.65,36.5,94.8,6.0,5.69,8.11,1.19,22.85,58.9,32.5,-5.9,22.2,0.8
110.9,11.0,20.81,7.3,0.9,6.4,2.66,0.44,16.35,13.76,61.7,47.8,2.6,26.3,118.6
121.0,24.7,20.91,18.8,26.2,5.54,6.85,2.15,4.89,6.96,45.4,30.6,6.7,28.5,56.5
114.5,17.0,15.6,29.1,42.2,4.59,1.12,3.2,17.05,6.99,24.9,38.8,18.4,12.1,24.7
127.6,30.4,39.19,40.3,118.4,4.19,8.81,10.28,0.44,24.71,38.6,60.9,-6.8,7.1,5.6
113.2,28.2,36.63,21.3,14.9,5.84,3.33,2.5,9.96,5.64,31.8,53.0,11.4,18.0,50.6
118.1,15.9,12.91,21.7,13.2,6.63,0.19,1.62,13.74,11.19,30.1,32.5,8.2,5.6,49.3
123.0,12.0,19.4,21.5,18.8,5.21,5.92,2.03,16.87,4.08,42.3,48.0,16.1,20.0,47.6
113.7,29.1,39.13,36.5,107.6,4.99,6.11,10.21,0.26,23.04,44.5,30.9,-7.7,28.5,7.8
128.7,31.2,36.81,18.6,28.1,5.39,2.17,1.61,4.09,12.89,59.7,38.0,14.7,26.2,72.5
113.0,35.7,28.8,8.2,7.1,6.51,6.36,0.51,4.15,9.62,22.6,56.9,18.0,3.2,115.7
111.9,12.7,38.65,12.5,9.2,5.56,6.94,0.78,9.1,1.27,71.0,45.6,1.9,17.4,110.5
127.0,17.0,24.14,31.4,40.3,4.4,4.94,2.68,18.52,4.48,55.8,71.8,-9.5,6.9,25.1
120.5,37.2,38.32,8.0,1.1,4.12,2.04,0.48,5.71,3.36,57.5,66.2,-7.0,13.4,105.2
126.3,11.1,21.44,17.4,21.9,5.48,4.2,2.06,2.64,7.14,41.2,41.3,7.7,10.2,67.6
124.4,21.1,35.46,19.2,15.6,5.03,3.65,1.17,5.45,0.12,66.0,69.0,6.0,4.6,53.2
119.1,37.4,19.16,21.4,25.3,4.27,6.56,1.64,0.38,3.69,39.5,74.4,13.3,6.3,60.5
111.6,24.5,13.48,13.4,2.7,6.72,5.35,0.94,2.74,9.05,76.4,32.4,14.2,29.5,109.2
114.9,16.1,17.12,12.5,3.4,5.93,0.64,0.61,6.51,2.47,69.9,39.8,-2.8,25.7,100.1
125.6,32.8,34.75,39.8,101.7,5.51,9.51,11.98,1.55,21.74,29.7,67.4,-3.7,13.0,2.2
126.9,33.3,39.76,39.4,95.4,6.99,9.52,10.06,2.53,18.58,67.0,33.3,2.6,22.3,8.0
118.6,34.9,34.12,13.1,6.5,6.18,4.67,0.98,6.8,5.12,28.0,77.7,3.3,15.8,101.6
110.2,30.6,27.5,39.8,114.3,5.48,7.72,9.21,2.11,23.77,71.1,79.0,19.1,13.2,2.3
114.1,16.3,39.95,29.0,43.9,6.37,0.38,3.25,8.8,5.14,59.8,41.2,-8.5,8.1,21.4
115.4,26.6,37.16,23.0,15.4,4.66,5.89,1.3,1.86,5.63,24.0,51.7,10.4,9.4,52.1
114.7,18.1,36.23,4.8,8.4,4.37,0.83,0.72,4.58,6.87,27.7,44.4,17.3,18.5,94.5
120.9,31.5,22.09,42.7,97.1,5.77,7.0,9.09,2.97,15.78,30.6,33.0,3.1,25.5,9.3
127.8,20.7,18.98,11.5,9.2,4.85,5.82,0.32,8.6,10.09,24.6,41.7,17.0,19.4,115.3
119.4,36.4,22.66,44.1,92.6,5.55,8.88,9.58,0.19,20.1,75.5,63.1,20.0,17.3,8.9
117.4,15.1,35.35,25.4,47.8,5.49,6.11,3.58,11.02,7.7,21.6,62.6,10.2,12.7,31.6
123.1,21.3,33.47,25.0,31.5,4.29,7.12,3.0,13.02,2.8,66.8,71.5,3.0,20.1,27.4
126.8,26.6,14.4,38.9,105.8,5.86,5.51,10.34,1.52,24.68,62.7,54.5,7.8,19.5,8.3
115.1,34.8,10.27,12.2,3.2,5.25,2.74,0.76,3.41,11.07,41.5,42.1,12.8,13.1,109.6
113.6,36.3,39.15,14.5,5.8,6.64,3.51,0.22,2.6,8.65,25.1,51.3,6.6,29.5,95.7
115.1,37.7,22.62,19.3,16.9,6.66,6.99,1.67,16.41,3.94,37.5,41.9,-9.7,25.0,66.3
120.9,29.3,12.74,38.6,94.2,4.38,6.73,10.68,0.76,18.1,47.0,73.4,-4.0,27.5,8.5
118.0,29.7,32.12,30.5,34.5,5.17,0.81,2.74,7.7,1.15,20.0,77.3,-3.3,25.7,29.5
110.7,36.0,34.23,33.8,32.5,4.87,7.79,3.44,14.99,5.23,55.6,71.7,-9.7,1.4,30.3
122.0,28.8,28.87,19.7,14.8,4.32,6.56,1.29,3.88,4.68,49.5,61.4,5.2,13.9,65.0
120.1,16.0,26.25,8.3,5.5,5.5,7.32,0.57,11.49,13.47,63.3,47.9,4.2,6.5,116.4
120.1,19.7,35.85,29.7,40.9,4.57,1.66,3.01,4.21,11.79,64.8,68.9,-2.2,10.5,27.0
115.1,21.8,30.08,24.7,22.3,5.86,5.98,1.13,9.4,5.7,73.7,69.4,19.7,12.1,71.9
117.4,11.1,18.64,22.8,27.2,6.74,4.8,2.32,5.3,8.7,68.6,72.0,0.5,16.6,66.5
113.0,39.9,24.85,28.8,58.8,6.76,3.51,2.91,3.69,1.01,59.3,35.4,4.3,26.4,22.6
112.0,31.4,12.31,43.9,104.1,4.16,5.43,10.74,2.26,15.79,27.8,66.4,-2.6,26.9,6.3
127.4,18.9,27.68,20.7,29.2,4.46,5.19,1.92,4.03,2.79,40.3,54.4,13.8,8.0,61.1
122.6,20.5,26.12,23.7,27.1,4.05,0.38,2.21,16.92,11.31,32.7,53.7,-7.3,6.1,69.4
113.9,10.1,33.42,26.3,56.3,6.99,7.11,4.25,19.89,7.84,54.0,43.7,13.4,29.5,23.3
119.9,14.9,31.93,15.9,14.0,4.41,3.4,1.36,13.91,10.32,39.5,70.9,13.3,27.8,67.0
116.7,31.9,27.32,13.8,4.0,4.23,1.67,0.27,8.47,1.59,39.9,42.4,13.1,15.5,107.2
119.2,27.7,13.64,19.3,28.3,4.21,1.5,1.6,19.52,3.97,20.9,47.2,12.1,14.9,70.0
123.7,38.3,21.07,42.3,93.0,5.79,8.43,8.0,2.22,16.65,67.9,68.8,17.5,15.0,7.6
114.8,27.0,12.54,34.8,39.9,6.08,1.8,2.65,15.96,6.1,26.9,65.9,0.4,13.2,32.6
113.4,26.3,34.04,18.9,20.5,6.87,3.91,1.06,14.74,9.81,58.1,51.8,9.0,22.0,57.2
112.3,37.5,23.66,44.6,91.2,5.47,8.98,9.65,0.23,18.73,69.2,39.0,7.6,1.6,2.2
124.4,27.2,22.57,14.6,6.3,4.0,2.1,0.72,3.59,10.26,58.3,66.5,4.5,0.2,101.5
111.7,36.9,11.57,30.7,52.3,6.69,1.57,3.16,5.02,10.04,24.2,37.5,5.5,19.2,21.0
122.1,27.8,15.68,39.9,110.1,6.69,7.28,9.51,0.72,20.11,40.5,37.6,0.7,10.5,6.6
111.8,13.5,23.32,41.9,113.4,5.83,6.53,10.99,0.53,19.03,76.9,30.6,2.8,8.5,3.1
111.1,31.1,11.68,28.4,53.2,6.02,6.63,3.55,13.12,1.25,69.8,49.2,17.3,12.8,33.3
113.3,30.7,37.25,25.0,14.4,6.23,1.08,1.51,17.9,14.34,32.6,79.2,17.1,7.7,74.6
124.4,10.3,28.06,7.1,3.1,6.9,2.37,0.87,4.87,11.02,63.7,53.6,0.3,24.8,118.9
125.1,25.2,31.18,23.5,20.0,4.32,3.58,2.31,17.43,0.14,40.3,69.2,10.4,2.0,45.8
123.2,32.5,32.14,10.3,0.8,4.91,3.78,0.88,18.21,2.34,53.3,50.9,-3.2,4.9,105.2
122.8,25.5,36.2,24.3,25.8,5.63,3.75,1.9,2.0,14.51,59.2,64.7,7.3,18.2,57.3
117.9,33.5,20.85,38.9,116.9,5.08,9.88,10.99,2.19,23.92,28.1,52.5,16.9,12.5,7.9
125.5,13.9,31.39,43.8,91.8,4.97,8.81,9.01,1.29,18.26,32.5,40.9,13.9,7.0,6.1
112.5,16.9,20.94,17.8,11.5,5.46,2.58,1.2,11.11,12.53,28.9,47.2,11.2,19.2,53.4
118.2,22.4,15.95,26.9,37.9,5.8,3.71,2.93,11.6,0.87,64.2,63.1,-5.7,21.7,18.1
118.9,28.3,23.62,12.5,3.8,6.56,2.41,0.39,4.65,4.88,53.1,66.0,-5.0,15.8,110.5
112.1,15.0,28.39,25.1,49.5,6.46,4.26,2.61,17.19,14.99,20.4,49.9,1.4,29.3,22.3
125.6,24.8,30.31,40.1,111.6,4.98,7.76,8.35,1.22,16.6,55.9,39.5,8.2,20.8,5.2
119.8,26.8,23.17,9.6,8.5,4.62,1.73,0.97,9.17,6.13,54.4,68.9,-7.0,9.7,109.4
123.1,32.6,28.74,12.4,4.7,4.59,6.02,0.45,0.21,0.9,44.2,34.4,18.4,1.7,86.4
125.2,37.8,18.75,39.7,105.6,4.83,6.32,10.43,1.44,17.32,56.4,30.5,10.4,16.6,6.2
126.6,37.5,30.8,34.1,30.3,5.49,2.68,3.39,7.84,14.97,61.7,49.5,6.9,28.7,30.0
111.6,23.5,33.17,19.7,14.7,5.82,6.45,1.69,8.1,2.84,63.0,32.1,7.2,27.7,67.1
122.8,11.9,24.7,31.7,41.1,5.05,1.44,3.31,13.69,4.47,47.6,57.2,-2.5,6.5,28.7
116.0,12.7,17.72,32.3,35.2,6.79,7.2,4.24,12.36,2.89,68.5,57.5,18.9,21.6,33.9
125.0,12.9,10.17,41.9,100.3,4.2,9.99,10.83,1.64,23.27,41.6,60.4,14.5,21.7,5.5
122.4,38.1,38.37,31.1,39.9,6.01,6.64,4.01,5.46,2.57,33.9,44.6,2.9,13.2,23.1
114.0,30.6,39.55,34.2,37.6,4.03,0.8,4.16,4.1,9.66,63.4,57.1,-0.1,21.0,34.1
129.3,25.4,35.25,20.1,14.2,5.77,2.18,2.21,7.1,9.16,63.1,51.6,16.7,1.3,66.6
117.0,15.6,24.63,8.7,1.3,5.5,5.52,0.69,16.9,5.16,44.1,74.5,-1.1,8.9,95.2
125.1,11.4,11.41,13.0,4.0,4.7,5.6,0.21,19.36,14.48,48.3,37.3,2.6,26.1,85.9
116.6,29.4,39.74,38.8,99.9,4.34,9.87,10.85,0.38,19.02,43.6,78.9,-7.8,16.4,3.0
117.4,19.1,34.68,14.2,9.4,6.1,7.12,0.14,6.24,11.01,43.8,77.8,8.2,9.3,102.2
118.2,15.7,33.08,19.7,28.8,4.54,6.48,2.11,17.18,2.83,64.3,53.5,-6.9,11.1,59.8
116.0,39.9,37.18,17.0,29.4,5.4,3.17,1.9,18.73,3.1,55.5,43.0,-7.3,20.1,49.2
123.9,16.1,11.18,6.0,3.0,6.76,0.12,0.88,11.35,0.6,69.2,79.8,15.0,25.7,111.1
129.4,36.4,17.49,33.7,48.8,4.87,6.42,3.82,14.8,7.94,37.1,67.8,19.8,4.4,25.1
127.4,29.3,22.87,37.7,117.8,4.68,7.59,8.66,0.88,19.18,46.2,64.1,-2.6,19.7,9.8
122.7,28.2,24.45,27.4,42.3,4.95,6.08,3.94,8.75,12.48,53.9,46.8,-8.8,27.7,28.2
129.3,34.9,17.54,42.3,109.7,6.91,8.29,10.59,1.47,19.38,59.7,53.3,-0.2,19.6,7.4
112.1,20.0,20.64,6.5,9.6,6.54,6.73,0.69,16.75,6.12,61.4,45.6,18.7,4.8,104.6
113.2,22.9,15.52,25.0,46.0,5.4,7.47,3.58,9.33,12.0,60.7,56.1,5.5,15.6,23.8
118.1,36.6,15.27,33.3,43.0,4.21,1.55,3.73,19.97,11.74,51.2,43.4,18.1,6.2,22.7
121.1,21.4,30.32,20.1,23.2,5.16,6.27,1.65,17.69,3.46,68.4,49.7,-8.3,25.1,55.2
123.9,17.4,39.78,29.0,31.0,5.11,6.15,4.22,8.31,12.12,70.6,58.6,12.7,25.3,18.9
117.2,17.7,19.34,4.6,5.8,5.34,3.48,0.23,19.36,3.77,27.6,72.5,11.8,7.4,102.1
111.0,17.5,35.18,38.7,108.8,4.61,7.02,10.54,2.79,23.05,79.3,63.8,11.6,25.4,1.4
117.3,17.4,37.44,44.5,101.3,5.07,8.38,8.18,1.45,18.65,24.1,52.0,18.6,29.3,7.8
117.2,19.6,19.13,32.8,36.2,5.42,2.04,2.79,2.74,6.22,61.5,78.0,2.6,24.4,30.0
114.3,10.9,19.41,24.5,27.6,4.42,2.81,1.54,1.52,4.11,41.0,65.6,7.7,29.9,74.9
122.1,26.8,21.32,19.7,16.1,5.03,4.56,1.84,6.75,12.0,23.4,75.1,15.6,22.7,63.5
111.8,20.0,14.53,40.0,99.3,5.52,9.68,10.93,1.29,24.17,58.9,63.3,8.8,3.2,9.3
127.4,37.1,23.6,24.2,17.7,4.7,0.73,2.44,10.8,2.79,76.0,46.6,-5.8,1.3,53.0
110.6,12.8,26.55,15.2,29.1,6.88,1.07,2.42,14.04,8.8,38.2,45.5,3.2,21.5,57.5
111.2,32.7,26.15,28.1,39.9,4.12,5.23,3.42,3.71,11.64,56.7,43.8,7.3,11.5,21.4
123.4,28.7,29.1,24.3,26.9,5.0,4.23,1.54,6.46,1.14,68.2,63.5,12.7,28.8,73.2
121.2,36.8,21.21,23.4,20.5,6.75,2.63,1.36,15.5,9.97,65.8,73.1,0.2,20.4,74.9
114.5,39.7,19.29,30.9,53.2,6.93,3.19,3.44,9.05,13.31,41.8,49.9,9.4,13.4,33.4
126.0,29.8,39.26,36.8,106.0,4.47,9.25,11.79,1.03,15.06,69.8,46.6,7.7,22.8,5.4
115.9,11.5,24.07,28.6,48.7,6.24,6.17,2.7,10.77,8.02,65.2,69.9,15.0,0.8,28.0
129.9,14.8,13.69,10.8,1.6,4.68,5.94,0.8,12.14,6.2,43.8,70.4,7.2,18.3,113.1
112.2,39.2,31.31,20.8,13.4,6.85,2.09,2.36,10.1,0.14,30.3,42.3,19.1,6.9,45.4
113.4,10.6,14.11,31.8,59.6,5.37,0.44,2.86,17.78,14.06,45.1,42.4,10.2,0.9,22.3
117.0,37.5,14.61,31.4,47.4,6.12,1.19,2.8,10.12,10.05,48.6,66.5,-7.7,21.0,32.2
124.6,32.5,31.88,9.1,9.5,5.87,1.79,0.78,13.18,1.05,44.7,72.9,-7.9,5.1,103.9
123.4,10.9,31.36,20.6,15.0,4.05,5.14,1.43,18.86,14.17,79.1,43.5,5.1,28.3,58.4
116.5,28.4,11.91,16.2,16.8,4.56,5.55,1.38,9.08,2.98,73.2,39.7,-8.6,4.9,59.6
124.5,35.7,19.4,6.6,1.3,4.4,5.59,0.64,0.14,10.72,64.1,70.7,11.5,5.8,87.4
117.5,19.4,30.63,7.6,9.2,5.96,5.06,0.57,9.33,4.46,22.7,65.3,13.0,3.4,97.6
114.3,23.7,15.44,23.3,18.4,6.73,5.05,2.0,8.36,8.44,20.3,37.7,18.8,9.3,63.7
124.4,19.2,15.38,34.7,51.4,6.31,2.89,4.06,5.1,10.1,51.6,31.6,8.9,7.3,26.6
112.9,25.2,38.01,34.3,34.5,5.28,5.06,4.5,7.66,9.22,38.7,69.6,-8.3,26.9,21.9
116.8,13.0,13.3,29.4,44.2,5.78,7.92,2.91,11.87,10.06,31.4,70.0,8.1,5.5,25.1
126.1,10.1,16.57,12.7,9.3,5.19,3.44,0.98,12.47,7.98,79.2,30.7,12.1,14.0,95.9
125.6,24.7,32.26,44.2,94.9,5.89,6.08,8.35,2.9,22.02,39.5,66.3,3.2,3.4,5.1
120.4,14.9,12.43,25.8,31.6,5.05,6.0,2.66,13.52,8.15,52.8,49.7,9.6,27.2,23.0
122.5,23.2,24.92,33.6,38.1,4.27,6.77,2.53,3.97,9.61,61.3,38.4,2.4,14.8,30.7
117.5,31.5,35.72,25.2,59.2,6.89,2.93,3.57,16.45,11.6,51.8,74.9,0.6,16.4,19.9
125.1,34.9,29.7,39.8,109.1,4.78,8.64,11.72,0.97,18.49,53.4,43.0,13.0,9.8,9.7
117.6,27.0,36.37,7.1,1.4,5.16,4.62,0.33,13.98,4.07,20.1,54.8,14.7,25.9,90.5
117.4,29.0,17.04,31.3,46.1,5.97,4.24,3.65,13.72,11.37,73.0,31.5,5.9,14.2,23.8
127.0,32.2,31.63,36.5,101.6,6.09,6.78,10.38,0.72,15.51,23.0,47.8,-8.5,23.8,0.9
119.8,15.6,25.31,7.0,0.4,6.43,0.24,0.97,5.83,2.9,25.9,42.4,10.5,21.2,103.1
126.6,21.7,37.06,35.6,91.4,4.23,5.98,8.29,1.13,17.45,30.4,58.1,11.0,23.1,9.0
123.7,15.7,14.89,44.0,100.4,6.79,5.72,8.46,0.81,18.9,30.0,44.2,15.6,6.7,3.5
113.5,34.6,14.92,16.1,10.6,6.57,0.2,2.29,0.61,5.7,41.9,74.4,17.9,9.6,62.8
129.0,39.1,17.47,29.3,53.3,4.34,0.49,4.33,18.62,2.95,72.6,53.6,4.5,5.8,29.5
123.1,36.8,12.22,25.5,33.4,6.3,4.22,4.01,15.68,2.53,44.5,33.8,-9.4,0.9,33.6
118.0,15.7,15.09,31.9,47.0,6.8,7.9,4.48,11.01,2.03,42.1,54.8,4.9,8.1,21.0
113.8,22.4,24.53,39.6,102.6,5.21,5.27,11.55,1.54,17.01,56.6,39.2,14.2,26.4,9.6
117.0,25.4,12.17,13.5,10.0,5.18,1.84,0.88,7.84,11.69,67.9,71.1,17.4,25.0,110.4
114.4,39.3,15.53,42.5,105.3,6.27,6.95,9.08,0.96,17.79,21.4,38.0,2.4,23.4,4.3
110.4,33.7,12.19,12.5,4.2,6.86,0.17,0.28,1.32,3.8,79.6,55.6,18.1,8.4,118.7
124.2,22.6,29.11,13.2,0.9,5.64,3.69,0.53,3.35,12.67,56.1,38.4,17.9,26.0,94.8
111.4,18.3,35.0,15.7,11.6,6.36,7.04,1.03,11.41,5.7,46.4,40.0,1.1,9.0,50.2
129.0,12.8,34.08,10.0,7.1,4.86,1.72,0.59,12.39,4.45,79.7,76.6,-2.3,23.5,118.9
112.5,10.8,26.04,38.6,97.7,5.83,9.63,9.67,2.37,21.4,35.4,32.9,7.6,28.5,9.0
123.3,30.9,20.79,20.2,16.7,6.14,2.7,1.3,6.95,12.32,57.1,44.7,1.2,21.1,46.5
118.4,14.4,33.0,28.8,36.3,5.94,2.0,3.35,5.38,1.79,60.8,36.4,10.7,24.5,30.4
120.4,35.7,30.09,26.0,34.6,6.42,7.09,3.83,18.78,0.16,44.2,74.2,-9.1,19.0,31.4
128.9,39.7,39.48,22.4,23.2,6.26,2.57,1.29,17.44,6.98,44.4,63.9,11.0,11.7,48.1
128.5,26.2,32.44,34.0,32.2,5.69,7.95,3.89,7.29,14.08,27.8,30.3,0.8,11.2,21.7
118.1,36.9,38.29,23.4,13.6,6.04,6.07,1.58,0.47,3.37,59.2,39.8,13.8,12.5,56.3
122.4,20.6,36.55,15.9,27.1,5.56,1.79,1.64,10.35,0.34,67.6,49.6,2.4,9.4,62.4
113.8,19.8,23.45,19.1,25.7,6.93,5.4,1.31,13.22,7.98,73.5,64.0,3.3,20.3,73.1
114.1,23.4,22.15,10.7,3.0,4.31,4.43,0.26,0.6,4.86,78.7,44.2,13.9,29.3,104.2
128.5,26.7,25.37,7.7,8.2,4.14,6.29,0.34,18.02,1.75,75.1,31.1,1.6,9.1,95.2
110.5,10.6,18.66,23.1,23.9,6.48,4.91,2.37,7.03,8.31,39.0,75.4,7.9,20.1,56.7
112.4,19.2,18.3,7.5,9.1,5.42,2.28,0.84,8.22,1.57,50.9,59.4,16.5,21.3,113.3
110.8,30.7,10.04,30.5,34.1,4.05,0.6,2.5,0.34,14.32,62.6,43.2,6.0,11.9,33.0
110.5,26.7,24.46,26.1,46.4,6.91,3.04,2.53,10.82,5.14,79.3,58.0,-3.2,25.5,19.9
124.8,24.4,15.73,38.7,99.7,4.62,6.94,11.72,0.67,17.52,72.3,62.8,10.5,7.8,8.6
119.2,16.7,33.88,22.9,16.3,6.62,1.71,1.75,7.28,8.02,61.7,41.6,18.6,12.4,70.8
127.4,16.6,14.92,33.7,41.0,5.01,7.61,2.7,16.74,2.54,60.2,74.5,-0.2,17.6,30.0
115.7,33.3,35.65,17.5,27.8,5.05,5.88,1.3,15.38,11.62,25.8,34.9,16.5,7.6,69.6
114.3,22.4,19.98,33.8,43.5,4.31,1.3,3.48,13.88,7.56,70.6,35.9,-8.3,6.4,33.2
113.9,33.4,19.38,29.2,40.5,6.91,3.8,2.85,16.78,2.43,27.1,36.1,11.1,27.2,32.8
119.6,34.1,24.77,6.0,0.9,6.68,1.46,0.97,13.46,6.63,32.1,32.7,-0.5,10.0,117.5
121.8,18.8,23.36,39.3,119.0,5.89,6.24,8.22,2.09,24.03,67.3,67.3,12.5,28.9,4.3
120.9,14.2,23.82,28.0,56.3,4.69,3.65,4.46,19.68,9.14,38.6,62.3,-4.1,12.3,33.0
118.7,17.4,35.16,17.7,24.3,5.55,4.77,1.8,6.52,5.45,61.6,43.7,1.7,20.4,58.7
111.8,29.6,30.31,13.5,4.2,4.63,3.6,0.55,8.79,12.66,43.5,49.2,-6.4,10.4,119.5
110.6,35.7,14.54,30.9,45.3,6.24,6.21,2.92,8.35,8.03,32.5,69.6,0.3,9.9,19.4
120.6,13.3,24.75,26.3,53.9,4.03,2.88,3.04,18.61,8.41,77.2,75.2,-7.5,28.9,28.2
111.6,14.7,10.01,19.6,13.4,5.27,0.99,1.06,0.85,4.95,42.4,54.7,2.8,21.7,52.7
127.9,16.7,14.48,18.6,10.3,4.51,5.18,2.41,5.3,6.76,35.5,48.2,9.3,29.7,67.0
129.0,38.1,27.12,21.9,18.4,4.54,2.8,1.85,16.74,12.37,37.4,39.5,16.5,16.0,59.9
129.3,10.1,10.24,36.1,97.6,4.22,9.02,10.52,2.04,18.02,68.9,34.1,-3.0,18.3,4.3
128.0,34.0,31.08,8.1,8.8,6.35,3.3,0.71,17.76,6.51,25.7,74.8,8.3,14.1,103.4
120.7,37.2,33.67,7.4,6.6,4.78,0.74,0.21,19.94,13.19,40.4,55.0,15.6,10.3,115.1
120.4,26.1,36.66,28.7,48.2,6.02,0.42,3.08,18.81,4.34,26.1,73.1,1.6,10.2,29.5
113.7,31.7,20.21,26.2,48.4,4.89,0.74,3.4,17.24,2.8,32.6,62.9,19.5,17.3,28.3
128.4,27.3,22.16,42.8,96.4,6.1,9.44,10.68,1.95,20.05,38.1,56.0,15.9,19.4,3.5
113.5,33.6,26.61,10.5,2.7,6.31,2.53,0.68,14.5,11.36,30.6,48.5,-8.9,13.8,88.3
124.6,36.5,36.5,44.0,95.7,6.04,7.4,11.52,2.13,22.45,31.8,40.9,7.9,27.6,2.3
111.5,35.4,29.7,25.2,55.7,4.19,1.83,2.77,8.29,7.1,62.2,78.2,-2.4,23.7,25.1
126.2,33.8,28.33,38.6,96.3,4.48,8.32,10.53,0.96,23.97,23.2,32.3,4.7,10.1,0.8
117.5,13.1,22.22,38.6,95.5,4.55,8.21,9.72,0.55,15.81,40.3,36.5,10.5,1.3,6.8
129.7,14.2,15.96,24.1,12.6,4.74,1.79,1.8,2.45,12.21,56.2,69.3,15.6,23.7,49.3
116.9,30.1,28.09,8.4,1.4,6.93,0.97,0.88,12.48,14.08,24.8,43.5,9.7,18.2,96.9
124.8,18.4,13.33,5.2,5.3,6.42,7.98,0.1,3.47,10.34,34.2,33.5,16.6,11.6,103.6
123.4,27.0,16.29,16.1,17.4,5.31,1.28,1.12,9.36,7.43,51.0,38.0,-1.3,27.8,65.2
112.8,23.4,21.45,44.3,95.7,5.14,7.36,10.59,0.21,21.51,76.0,36.9,15.4,29.6,8.1
125.4,10.2,20.71,42.2,94.2,5.25,9.29,9.4,0.28,23.49,76.9,43.1,6.0,1.4,8.7
116.1,11.8,14.17,44.2,113.9,4.06,8.87,9.86,0.18,17.27,58.6,32.6,5.5,27.4,2.8
117.7,23.1,28.53,16.1,24.5,6.88,1.1,2.4,19.23,10.8,68.7,49.9,4.3,27.9,47.0
123.5,16.8,13.64,34.2,59.1,4.3,3.35,3.94,2.75,8.79,37.1,33.2,-7.2,24.5,30.8
127.2,15.3,37.65,22.2,20.3,4.15,3.29,2.4,15.84,14.68,78.4,65.3,-3.7,28.1,50.9
116.1,23.9,16.54,15.0,3.4,6.94,0.61,0.6,6.53,4.63,32.5,57.4,6.9,13.3,111.7
112.9,38.6,39.38,38.9,104.8,5.45,6.18,11.87,2.58,21.21,28.0,45.0,-9.9,19.8,1.2
122.9,22.0,27.75,8.5,7.6,4.32,5.89,0.41,17.96,8.94,28.1,56.1,-8.3,8.7,95.6
113.6,27.3,39.21,27.7,34.2,6.29,4.31,4.17,8.82,0.76,62.5,78.2,15.7,6.1,19.5
113.2,26.8,31.23,21.3,21.2,4.76,1.18,1.07,17.11,2.18,72.2,73.7,-3.5,1.2,49.1
113.5,10.4,22.07,22.1,12.7,6.36,4.47,1.88,1.76,9.63,73.7,60.5,11.2,19.9,51.6
121.3,11.7,25.09,42.2,101.9,4.18,9.98,10.49,2.42,20.61,23.5,45.9,-9.1,25.9,2.4
129.5,11.6,15.72,28.4,33.6,5.53,3.53,3.19,1.51,1.2,34.9,78.4,2.4,16.9,32.5
123.0,38.3,39.41,36.5,110.6,5.23,9.39,8.37,2.64,23.46,53.7,53.7,0.4,19.6,7.5
130.0,22.5,33.9,30.3,37.0,4.56,6.18,2.93,14.03,1.33,26.6,33.0,9.4,14.4,32.8
129.2,19.8,20.26,44.3,112.4,5.66,6.47,9.61,0.53,16.09,37.7,67.6,18.3,15.8,2.9
122.7,23.5,10.43,11.1,1.2,4.91,7.07,0.63,12.3,14.89,42.9,44.6,4.2,23.9,88.3
119.6,21.6,26.59,27.3,59.5,4.74,0.14,2.8,2.17,6.68,33.0,74.0,15.5,1.6,20.2
111.2,37.5,36.1,5.9,2.6,5.97,7.14,0.88,2.82,13.56,67.1,30.0,3.5,12.3,93.5
115.7,10.2,32.31,13.9,2.3,5.11,7.56,0.85,1.9,12.31,20.0,67.5,4.5,5.0,92.0
117.6,13.4,27.56,19.9,12.3,4.09,0.79,1.02,15.5,3.45,35.1,73.7,-7.3,5.9,72.4
126.3,16.5,10.73,36.1,95.6,5.63,6.92,11.1,2.71,22.53,34.0,45.4,5.8,28.1,4.7
122.3,33.8,33.83,5.3,6.0,4.31,1.86,0.54,4.37,6.39,52.5,38.4,-0.5,9.1,107.1
123.6,39.9,19.94,14.5,4.0,4.65,7.84,0.4,0.45,6.96,52.9,60.8,6.0,1.5,88.4
123.4,26.1,33.93,17.1,18.2,4.06,7.46,1.62,1.51,13.99,24.4,31.8,17.3,25.6,49.5
122.9,38.0,35.56,33.2,56.7,6.32,2.89,2.64,14.77,11.78,57.0,62.0,10.1,4.4,25.2
128.2,13.5,36.85,17.0,25.3,6.9,4.02,2.36,10.26,5.4,26.9,34.6,15.8,5.8,49.3
120.4,24.4,11.35,42.6,103.7,4.73,9.27,10.37,0.02,23.2,60.9,32.4,3.4,20.4,6.6
129.6,28.2,14.16,36.2,98.7,4.21,5.97,8.72,0.28,15.96,79.9,38.8,8.3,26.0,9.2
114.6,13.1,38.08,21.7,17.0,5.97,7.16,2.02,14.17,4.47,55.0,55.0,-6.5,20.0,51.4
129.5,12.4,18.6,35.8,110.5,5.74,8.99,11.6,1.88,22.76,52.3,56.2,13.8,26.3,4.1
118.5,29.8,18.64,23.4,19.0,4.96,0.89,1.76,16.21,0.32,50.2,74.7,13.9,29.6,58.5
122.2,19.9,18.53,42.8,106.3,5.53,8.64,8.65,1.87,21.72,38.6,77.1,9.1,29.8,6.7
117.5,26.9,28.78,37.6,99.1,4.21,6.1,9.81,0.57,22.8,48.2,66.4,-1.1,21.8,7.4
116.9,32.3,13.87,42.9,113.8,6.62,8.05,9.68,2.36,17.41,20.9,76.7,18.4,14.6,9.0
123.6,37.3,34.03,43.2,115.2,4.87,7.52,10.54,1.57,20.4,70.8,45.6,-7.6,28.2,8.1
117.1,11.5,36.54,42.3,98.3,5.62,7.32,9.53,1.37,18.43,56.8,44.8,11.5,26.4,2.0
121.2,32.0,20.41,27.2,38.3,4.55,1.33,4.16,0.73,13.05,53.9,54.7,-1.5,4.8,25.4
122.0,20.5,30.65,14.4,5.9,4.73,3.61,0.57,2.59,0.59,55.7,55.6,1.4,20.6,97.9
129.5,19.3,26.8,33.0,56.9,6.4,1.64,4.33,10.38,11.93,43.9,68.0,9.1,27.6,25.2
117.4,38.8,34.37,41.0,91.5,4.36,7.74,11.0,0.39,22.17,48.2,57.2,-3.2,12.2,2.5
121.0,39.9,10.89,29.6,42.5,4.23,0.27,3.52,2.64,3.38,48.1,73.4,11.3,5.5,27.8
111.4,30.0,24.84,44.8,95.9,6.85,5.1,9.6,2.2,17.74,61.2,31.6,12.0,28.2,2.9
123.3,20.2,11.21,32.4,59.7,5.96,5.42,2.87,10.54,7.02,41.9,30.5,-7.1,22.0,25.9
112.3,18.7,30.63,29.3,36.9,5.57,1.88,3.01,1.75,7.4,52.1,35.2,-8.9,19.3,19.7
115.3,39.4,22.29,7.0,1.8,4.5,5.67,0.99,15.19,13.73,40.3,53.8,-8.4,28.7,90.1
119.7,21.6,31.66,39.8,103.3,6.91,6.99,9.44,0.61,23.17,31.1,58.6,13.4,26.1,8.0
118.9,30.0,11.19,15.2,23.7,4.77,3.99,2.41,15.53,2.4,23.3,34.2,0.9,10.7,54.3
125.2,10.5,28.54,42.6,101.0,5.65,7.24,9.82,2.34,24.78,58.5,49.4,18.7,9.2,4.3
116.6,11.7,38.91,36.4,112.4,5.94,5.38,10.66,1.17,20.18,72.3,31.0,18.0,29.4,5.5
117.1,36.2,36.21,14.7,9.0,4.74,3.53,0.99,9.77,14.08,48.0,48.5,-10.0,16.1,102.8
111.0,21.0,38.52,16.2,19.4,6.7,4.07,1.6,18.84,2.71,54.2,42.5,-1.4,27.1,71.6
112.7,30.7,12.27,36.0,112.8,5.86,9.98,10.95,2.28,24.77,55.1,58.7,17.2,0.5,7.4
119.2,31.0,26.77,38.2,103.4,4.66,6.12,9.02,0.89,20.53,27.5,71.9,2.1,24.9,8.3
127.7,29.3,18.8,7.9,6.1,4.33,2.37,0.78,17.29,14.75,39.6,74.3,12.3,26.8,116.3
116.1,31.9,12.15,8.6,0.3,4.13,2.06,0.32,19.46,5.69,44.1,65.9,-2.2,29.0,93.4
127.8,29.2,34.09,22.2,27.5,5.19,4.71,2.48,19.94,4.51,43.9,32.7,16.8,19.7,55.6
110.9,35.6,26.94,42.3,105.2,6.04,8.7,8.96,2.18,20.18,74.3,68.7,0.1,23.1,1.0
114.3,23.9,28.79,9.4,0.5,4.36,6.01,0.31,7.23,6.29,46.4,39.8,15.1,11.7,108.2
130.0,15.4,37.12,40.6,106.6,5.49,7.07,10.48,2.69,18.63,39.8,63.8,11.4,19.3,9.7
111.3,12.8,29.3,28.1,41.1,6.26,3.02,4.0,1.02,10.19,23.6,41.8,-6.3,0.5,19.1
122.2,32.8,19.51,13.7,8.9,4.5,5.42,0.3,5.19,6.45,58.0,59.2,-4.6,12.5,106.0
129.2,15.2,33.72,29.0,53.3,5.7,3.21,3.99,18.41,9.55,65.2,40.4,-9.5,24.1,30.6
125.9,26.1,33.59,44.9,114.9,6.75,5.47,11.43,2.7,23.84,74.3,57.7,17.5,19.7,3.0
125.9,38.8,34.17,26.9,48.4,5.3,5.8,4.34,18.87,14.9,67.3,48.1,9.8,20.5,25.0
120.4,31.4,28.09,20.4,18.6,6.71,2.65,1.32,15.27,2.2,52.2,45.3,17.1,6.7,61.9
114.8,36.5,38.68,4.4,7.3,5.77,1.03,0.42,15.85,2.31,28.7,55.4,0.3,14.8,96.1
119.9,19.8,31.58,26.1,30.8,4.83,7.42,4.18,17.37,10.65,79.4,64.0,12.0,28.4,31.0
123.6,31.3,36.88,35.3,99.3,6.77,6.27,8.33,0.65,15.64,37.4,72.6,10.6,29.2,7.2
125.1,18.0,15.44,30.1,48.4,6.75,7.49,4.46,15.44,4.0,70.7,31.7,19.9,4.4,25.2
128.9,39.1,23.3,38.9,97.3,5.46,7.59,11.5,0.91,18.72,69.2,53.3,4.1,18.4,3.1
122.1,19.1,29.65,22.2,20.8,4.51,0.13,1.52,3.99,11.12,43.8,53.2,3.5,19.0,69.9
114.8,31.1,33.26,14.3,1.8,5.14,5.76,0.61,6.87,6.98,74.4,49.6,-1.0,14.3,106.6
113.2,26.9,29.05,38.5,109.9,4.23,7.57,11.91,2.36,18.42,24.7,57.2,-2.4,24.7,1.1
112.0,31.9,23.45,6.7,9.4,5.23,3.41,0.22,0.8,10.46,22.9,67.7,-7.6,26.0,89.9
110.7,17.8,20.22,9.2,2.1,5.3,5.08,0.19,2.95,6.47,54.9,32.7,5.8,7.3,116.8
112.6,10.4,14.85,23.5,23.0,4.1,1.84,1.67,1.72,13.26,42.1,78.3,8.3,7.4,68.9
123.0,28.7,13.61,20.0,25.1,4.76,2.25,2.3,0.9,7.25,20.8,74.3,8.9,23.0,66.6
120.0,28.7,16.97,39.4,95.8,6.15,8.15,10.14,2.41,19.31,72.5,57.4,-4.9,20.0,7.7
113.8,22.0,27.05,44.0,119.1,5.74,6.31,9.66,2.82,17.38,74.7,37.9,11.4,23.7,5.5
112.6,27.3,13.82,20.3,16.7,4.93,6.13,1.06,4.0,1.74,25.5,75.6,13.2,0.7,54.0
122.6,35.1,23.59,34.9,44.5,5.77,4.42,3.82,2.81,7.86,23.8,46.5,0.2,0.9,18.1
123.2,21.9,33.77,20.4,18.5,5.36,0.81,1.12,9.22,1.5,68.4,71.6,0.4,26.1,46.2
126.7,34.7,32.11,43.9,114.7,5.4,5.78,9.6,2.49,20.86,25.7,54.5,2.6,13.1,7.3
111.7,30.8,37.06,43.8,113.5,5.83,9.7,8.78,2.7,21.4,43.2,40.1,-9.1,14.7,1.6
112.6,26.8,14.63,8.2,2.9,4.82,7.17,0.87,9.38,2.2,77.3,63.9,3.1,2.8,106.3
129.2,26.4,18.07,16.3,14.1,5.27,1.9,1.68,2.29,8.4,79.7,44.0,-7.9,23.7,51.2
118.4,38.8,24.24,25.4,32.1,5.69,3.04,2.7,16.08,7.32,65.1,37.6,18.1,22.2,34.8
122.5,37.9,18.15,41.4,94.1,4.28,6.64,8.28,2.55,15.02,36.6,34.4,-8.3,7.4,3.3
121.9,38.3,33.5,17.1,15.9,5.62,7.89,1.67,16.93,12.26,59.6,37.7,11.7,20.2,49.9
120.2,25.7,24.05,22.1,15.4,5.39,3.47,1.24,4.52,7.31,63.8,58.5,14.1,10.6,73.4
128.5,25.4,21.57,6.3,0.2,5.92,2.92,0.91,16.45,6.26,76.5,37.0,17.7,6.3,113.6
117.1,32.5,36.7,40.2,93.6,5.24,6.37,11.5,0.88,20.63,51.5,30.7,11.2,18.0,3.6
128.1,30.6,18.88,36.1,99.8,6.08,8.05,8.96,2.15,20.8,58.3,57.6,5.9,10.5,1.7
113.9,34.3,32.27,16.7,28.7,6.8,4.64,2.25,9.08,3.08,74.6,35.0,8.3,8.8,45.6
122.5,10.7,14.28,14.9,4.0,5.5,4.35,0.64,1.42,6.43,68.8,36.6,6.8,17.5,95.5
112.7,15.1,29.69,32.6,32.4,5.55,6.86,2.63,6.66,11.2,70.5,71.3,16.7,21.4,30.2
120.2,11.1,19.54,30.3,59.3,5.69,4.54,3.71,10.08,9.29,67.0,73.5,-8.3,1.6,24.6
112.7,16.1,15.84,8.4,9.0,5.9,7.02,0.88,16.8,9.04,60.3,55.4,4.6,18.6,116.4
119.8,11.1,29.83,34.1,33.4,5.5,1.28,2.9,14.47,0.43,48.7,39.0,-9.4,2.9,29.7
126.8,13.0,39.93,8.7,8.3,5.57,6.35,0.7,0.61,5.41,79.4,41.7,10.3,8.8,112.9
123.6,30.3,28.41,6.1,6.3,5.27,4.38,0.51,0.5,9.29,40.1,44.9,-3.9,24.8,97.6
125.5,12.9,20.19,44.3,113.7,5.13,9.35,10.58,2.85,21.42,43.9,69.7,11.1,20.2,6.5
125.4,28.4,27.31,17.6,23.7,6.23,1.66,1.43,7.64,10.3,47.9,74.4,12.9,15.4,67.3
121.2,12.1,30.77,4.9,6.4,4.44,0.59,0.13,17.72,2.35,27.2,37.3,-0.2,13.0,96.1
123.2,18.3,39.56,36.7,119.2,6.25,5.45,8.14,0.85,22.4,38.3,61.8,0.9,8.4,2.0
116.2,23.5,26.73,14.2,1.8,4.29,1.63,0.81,9.79,14.62,79.0,63.2,-2.9,6.4,90.7
123.1,30.3,10.64,33.6,38.7,4.82,7.7,2.84,8.17,1.5,30.2,58.3,19.0,25.5,27.6
110.4,25.2,27.32,6.3,9.2,6.84,4.05,0.26,4.41,5.02,43.2,39.5,17.7,17.4,100.0
119.1,22.2,36.29,39.9,101.9,4.61,5.05,9.91,2.22,24.68,44.9,63.4,-5.1,19.3,0.0
122.0,20.0,25.23,44.1,107.3,4.05,5.66,8.25,1.02,24.17,70.7,78.4,19.6,2.3,7.0
121.8,34.1,18.07,36.2,107.6,6.78,8.27,8.83,2.91,20.92,35.5,56.4,-4.5,5.0,3.6
119.7,37.9,13.14,17.5,19.2,6.38,2.38,1.43,11.59,8.02,54.5,32.0,-1.8,15.4,50.5
112.7,31.5,21.87,40.1,116.5,6.06,9.65,10.13,1.2,19.06,65.5,62.6,6.5,5.9,6.2
116.7,18.1,10.55,26.0,39.1,4.6,0.85,2.68,18.65,12.99,31.0,41.5,14.7,6.5,31.6
114.8,18.6,26.29,13.9,4.8,5.73,5.89,0.77,9.79,5.97,55.3,76.0,-8.6,10.8,114.7
110.5,18.5,31.11,24.8,25.9,6.87,6.67,1.36,5.93,7.52,20.4,57.1,7.6,28.3,62.6
119.6,27.7,37.29,13.3,9.4,4.27,6.39,0.18,15.22,13.64,60.8,55.7,8.0,29.0,118.3
120.7,24.9,18.85,7.1,5.2,5.63,5.74,0.53,1.04,5.6,66.0,54.3,8.0,16.3,117.5
123.0,31.8,27.32,18.6,26.2,4.81,2.04,1.11,8.57,7.98,38.2,53.8,-6.1,14.6,65.4
124.4,30.2,12.57,38.6,98.8,5.88,7.52,8.38,1.25,20.11,27.2,71.0,-1.5,15.5,6.4
127.0,24.8,31.36,28.4,53.8,5.78,1.44,2.57,10.15,7.83,47.8,35.8,-4.1,1.7,28.6
125.2,22.3,39.57,44.0,99.0,4.13,8.94,9.72,0.19,24.75,48.4,40.7,13.1,13.0,9.6
129.3,20.6,39.9,40.3,102.9,5.43,8.77,11.58,0.61,23.54,47.4,54.4,11.9,25.3,5.2
122.9,18.3,21.95,41.9,120.0,6.3,6.48,9.15,0.46,19.45,26.6,33.8,18.6,27.3,3.5
119.7,37.6,29.23,19.9,10.4,6.6,5.3,1.35,5.07,1.57,55.8,45.1,15.5,19.9,49.7
120.5,17.3,18.27,38.9,119.4,4.81,6.82,11.27,1.84,16.11,43.9,72.2,1.8,6.3,9.7
121.0,22.3,35.73,42.6,99.3,4.3,9.08,11.86,0.89,20.47,20.8,74.2,7.0,23.5,4.4
126.5,10.7,24.43,24.7,24.9,5.41,1.8,1.81,8.08,0.59,53.8,44.4,11.5,22.9,57.6
118.8,17.8,19.93,41.0,113.8,6.13,6.23,11.05,0.54,20.34,30.9,72.3,12.3,14.7,1.7
120.8,28.9,11.14,37.2,91.3,6.73,9.93,8.38,2.78,24.22,46.4,64.6,17.7,11.5,3.8
124.0,22.9,35.79,44.5,92.0,5.18,7.79,8.43,2.37,21.98,62.0,61.3,17.4,5.2,6.4
125.4,30.1,18.43,9.6,1.1,4.89,0.14,0.71,15.5,14.69,33.5,71.0,13.0,21.8,91.1
123.7,19.7,19.63,20.5,23.7,5.28,0.69,2.19,7.62,8.85,20.5,55.1,-3.9,25.9,73.6
115.1,14.7,14.73,17.4,28.1,5.39,6.84,1.97,7.73,8.32,21.9,56.2,5.2,11.5,69.3
119.1,33.4,27.98,39.9,115.1,6.59,6.56,8.39,0.44,22.97,62.0,38.8,-2.7,26.6,3.4
126.3,15.9,16.65,33.1,35.9,6.92,0.78,3.38,19.78,14.89,70.6,76.7,-9.5,18.6,35.0
118.1,13.8,38.01,18.4,23.9,4.84,2.73,2.25,4.97,13.08,30.6,55.7,6.7,12.0,65.1
129.7,36.5,39.13,21.6,23.3,5.79,0.37,1.0,3.38,1.59,58.6,42.7,12.5,9.7,55.8
112.2,37.7,19.39,45.0,107.4,4.78,5.78,10.56,2.72,19.97,70.4,36.1,16.6,25.2,4.7
112.6,12.7,38.6,41.8,117.9,6.43,5.48,10.39,2.27,22.11,67.8,39.0,-7.1,25.8,7.0
124.0,13.2,33.19,41.5,97.2,5.53,5.21,8.95,0.77,19.95,61.2,49.7,3.4,24.6,1.4
122.6,12.5,14.41,37.4,92.0,5.96,5.31,11.96,2.21,15.86,64.3,71.6,-5.5,3.2,8.9
124.3,14.1,26.37,36.7,116.1,5.95,5.03,11.8,0.58,20.61,50.7,35.3,7.0,29.1,2.4
129.0,26.0,30.36,28.4,32.9,4.52,6.07,4.46,9.97,8.74,39.3,40.5,-8.5,15.5,18.2
111.2,25.1,10.67,18.5,18.2,5.36,1.21,1.83,6.2,10.08,30.6,67.3,4.2,20.1,52.4
124.8,15.6,11.68,28.0,52.9,4.18,0.92,4.12,1.51,8.61,25.8,49.6,10.2,5.3,32.5
126.7,25.9,20.09,17.1,17.3,5.76,3.38,1.14,8.16,1.6,26.2,75.4,18.6,18.0,55.3
119.2,31.6,14.59,18.8,14.7,4.2,1.9,2.2,5.05,0.36,46.9,34.1,-1.3,27.2,54.9
124.8,29.3,27.56,24.2,15.4,6.08,2.7,1.67,11.99,11.14,43.2,41.6,-5.0,8.2,47.1
113.5,33.4,22.25,28.9,43.9,6.79,5.7,3.02,15.22,4.79,50.4,37.9,1.5,8.5,24.6
124.3,23.9,10.97,43.7,115.8,6.68,7.76,11.65,2.35,17.64,24.8,39.9,-8.2,19.5,3.2
125.3,11.7,39.96,35.0,99.9,6.24,7.18,10.77,2.82,19.76,70.8,48.0,-5.6,22.3,0.4
118.6,27.8,16.9,24.5,11.3,6.87,7.59,1.63,10.88,1.12,22.5,76.1,10.4,13.8,45.8
115.5,21.7,13.7,28.9,51.6,5.69,0.43,3.54,1.43,1.02,65.7,31.2,-1.0,2.1,32.4
124.4,18.3,39.39,19.9,13.8,4.14,7.18,1.26,16.41,2.8,76.3,56.1,-5.8,17.2,53.0
124.4,13.2,30.51,39.0,110.9,5.77,7.19,10.01,1.1,17.93,56.7,54.8,18.3,6.9,1.9
114.3,36.8,37.4,24.1,29.9,6.55,0.95,2.32,17.47,0.54,63.1,44.9,-1.6,10.8,59.6
122.5,31.6,23.35,39.0,100.3,6.93,9.59,9.32,0.55,18.69,42.4,30.4,11.2,19.8,5.6
116.8,16.3,23.16,24.4,13.9,4.48,3.15,1.95,14.35,13.49,29.3,70.0,16.1,9.0,65.3
121.6,10.7,30.06,4.1,4.1,6.7,5.41,0.96,0.38,9.85,38.5,62.3,4.3,16.1,102.3
121.6,15.3,27.05,28.0,57.7,5.91,6.31,3.32,1.37,0.01,76.4,54.5,4.5,25.7,29.7
117.3,19.2,15.09,16.4,21.5,5.92,2.84,1.75,19.08,8.01,72.5,32.7,14.0,24.4,53.4
126.4,12.8,37.45,37.4,97.2,4.68,5.59,10.46,0.48,17.38,21.2,60.0,-4.6,21.0,2.9
116.7,20.4,10.73,16.6,21.4,4.29,2.79,1.1,16.11,12.78,56.8,41.8,12.6,5.1,58.8
118.0,39.3,14.01,32.1,54.6,4.36,6.87,2.95,17.38,0.13,40.6,42.8,3.6,1.4,24.3
120.4,10.6,24.27,27.6,58.8,6.83,6.69,3.44,9.17,14.72,23.4,55.0,18.7,8.7,20.9
122.7,14.2,32.25,34.2,32.4,4.21,6.95,3.81,12.1,10.74,42.7,59.2,13.4,26.3,28.1
122.8,12.0,23.32,14.8,5.2,5.99,6.88,0.75,16.76,13.9,27.9,69.3,-6.8,11.0,88.6
125.5,17.2,34.05,20.5,25.0,5.1,2.28,1.35,16.26,3.53,65.7,76.2,6.3,25.0,54.8
118.3,30.8,16.58,25.2,51.8,5.34,6.26,3.23,7.8,10.75,41.3,37.9,9.5,19.5,18.7
124.3,30.2,24.49,26.6,40.5,5.27,7.01,4.48,8.67,8.54,68.6,46.3,3.2,17.4,33.9
114.4,26.8,24.71,23.6,16.6,4.21,0.82,1.95,9.7,6.91,30.5,56.0,16.2,6.5,67.1
122.6,18.5,24.01,33.2,32.2,6.52,7.6,4.38,15.37,7.67,69.6,61.6,-4.2,14.4,29.5
112.2,16.1,33.32,37.7,100.2,4.47,9.58,11.85,0.28,24.3,20.4,71.4,-9.8,1.8,1.5
113.0,17.1,10.53,42.3,98.3,5.82,9.37,8.84,2.02,17.37,45.4,69.0,5.3,8.3,4.7
113.7,24.1,33.72,29.2,50.1,4.51,6.63,3.41,4.1,5.34,34.4,42.7,3.6,12.5,27.4
126.2,21.3,29.35,16.0,19.9,6.77,7.85,1.12,5.6,4.82,34.4,62.3,0.6,6.5,59.8
120.8,16.3,39.21,21.5,15.0,5.54,6.9,1.71,2.01,13.55,37.6,77.9,4.6,0.9,45.2
110.1,32.3,22.39,26.0,48.5,5.36,7.76,3.03,8.69,13.62,37.3,57.8,19.1,22.2,22.0
119.9,19.1,26.54,15.1,11.8,5.26,4.48,1.01,2.25,14.49,78.3,51.8,5.0,12.7,73.6
114.2,17.7,39.87,20.3,16.2,6.32,5.37,2.35,3.29,12.3,51.6,53.6,13.3,17.5,74.6
111.7,25.5,27.81,13.8,5.0,5.37,0.17,0.95,13.99,10.72,68.6,50.3,11.2,13.5,85.9
126.3,24.1,34.09,27.2,52.5,5.77,3.86,3.79,17.45,7.08,37.1,51.7,-5.3,28.4,18.4
120.4,13.6,13.91,18.6,16.6,6.93,4.34,1.72,14.2,3.48,43.6,41.5,12.8,14.2,65.3
115.3,23.2,12.87,18.0,19.5,4.68,2.09,1.29,12.02,8.35,42.3,32.0,5.8,17.7,48.2
127.2,21.6,17.42,28.3,59.1,4.46,7.54,2.8,0.98,11.19,71.1,58.6,14.8,15.8,25.5
115.5,38.1,21.88,30.7,45.2,4.95,4.04,4.0,10.05,9.05,20.6,47.7,11.5,13.2,32.6
126.0,28.5,19.46,34.9,33.2,4.67,0.8,3.73,1.42,1.19,40.9,48.4,9.0,11.9,26.1
119.6,17.2,12.5,33.9,39.3,5.55,4.59,4.5,9.52,5.49,75.9,79.8,7.5,28.8,30.9
129.3,36.1,18.11,14.4,6.0,6.54,4.47,0.4,7.43,0.36,77.0,42.5,5.5,8.7,107.5
128.5,24.6,19.57,12.0,8.0,4.19,1.68,0.62,1.25,13.29,44.0,36.9,2.9,19.4,118.0
118.1,20.4,10.35,25.0,47.7,4.96,1.1,3.09,18.72,7.18,38.3,56.3,-1.9,21.0,30.3
124.2,31.7,28.32,8.9,1.5,4.89,1.52,0.84,11.32,3.22,43.3,38.6,17.5,8.5,89.3
120.8,16.9,27.77,26.2,40.9,5.61,3.82,4.03,1.86,9.25,73.8,69.6,8.5,7.2,20.4
116.1,19.5,18.27,9.1,3.3,5.52,4.2,0.89,3.66,12.49,56.3,36.0,-6.8,24.3,112.8
116.5,13.9,29.42,21.1,29.4,5.87,2.34,1.13,8.72,13.14,66.1,60.0,-0.5,3.0,61.4
111.3,35.2,32.6,6.6,0.7,6.9,7.22,0.15,0.7,9.89,58.5,54.6,4.1,15.8,95.0
115.2,39.7,13.41,16.6,25.2,4.57,2.09,1.48,5.14,7.91,35.9,54.9,13.0,18.3,46.7
112.7,18.6,25.11,16.3,18.3,5.97,3.46,2.46,2.08,14.98,58.0,53.5,8.6,2.8,69.6
123.9,37.7,27.58,18.7,17.7,5.56,2.01,1.54,18.22,11.08,26.6,37.1,-4.1,1.2,47.8
129.0,38.0,26.61,37.3,112.6,6.25,8.5,8.23,2.36,19.67,32.2,66.6,6.2,14.7,9.4
116.9,15.5,38.89,33.5,35.7,6.88,7.86,2.84,15.37,0.5,76.6,58.6,15.1,17.8,25.0
127.9,17.5,37.63,15.7,27.9,4.47,4.67,2.44,13.27,7.96,74.6,62.4,3.0,10.4,55.1
129.7,33.4,13.31,42.5,103.8,4.87,8.58,8.45,2.78,22.46,55.3,34.7,5.7,28.8,4.5
128.3,36.9,11.91,44.2,102.7,5.61,8.32,9.64,1.95,24.23,20.7,32.3,2.4,2.8,2.9
116.4,30.7,24.94,16.7,14.5,6.11,2.11,2.34,8.22,4.84,26.0,49.2,-7.8,21.1,64.0
126.5,12.3,39.78,4.9,8.7,5.21,5.22,0.74,18.58,3.79,62.0,41.6,14.4,15.3,94.8
113.9,39.8,28.21,12.9,0.3,6.11,5.01,0.63,13.34,7.39,53.4,57.5,10.7,29.2,91.4
128.8,34.5,34.87,35.6,119.3,5.49,8.73,11.79,2.0,19.26,53.1,76.0,-6.9,27.9,6.2
117.2,23.1,27.67,29.8,50.5,5.88,3.66,3.35,15.22,2.57,74.2,32.7,1.8,17.5,31.7
112.4,32.3,18.22,24.9,18.2,6.37,3.51,1.27,19.72,5.23,31.8,53.8,16.2,25.5,70.0
128.9,26.7,11.34,16.6,27.8,5.24,5.53,1.0,12.6,4.47,33.3,64.1,13.9,28.0,47.7
119.7,34.2,20.21,5.5,9.1,6.0,2.89,0.59,1.14,2.4,27.5,30.5,5.1,25.2,104.4
122.3,36.6,31.92,29.8,55.4,4.61,6.65,4.42,13.98,7.03,48.0,33.2,18.3,14.7,25.5
111.2,38.9,21.85,11.0,7.2,6.26,1.41,0.52,3.51,4.6,22.9,59.8,-8.4,23.3,96.4
113.5,21.9,36.21,30.7,40.7,6.41,0.2,2.72,2.92,0.3,29.1,52.9,4.3,13.5,23.4
126.3,27.9,24.71,26.3,53.5,6.66,7.89,3.02,3.0,9.66,27.2,43.2,-5.3,17.6,29.0
120.9,18.8,36.78,27.2,50.1,5.46,2.51,3.81,10.74,12.87,76.3,33.7,-2.9,17.0,21.9
116.8,10.5,30.48,9.2,1.7,5.01,6.09,0.2,14.12,9.09,79.8,50.7,-0.2,14.1,109.6
116.7,34.6,32.0,19.2,15.8,6.22,0.63,1.54,1.17,10.78,69.7,56.2,-6.1,13.2,69.8
111.7,30.6,24.63,5.9,6.2,4.98,0.63,0.38,4.75,6.41,25.9,46.0,2.8,2.3,103.3
126.9,19.9,12.6,25.6,31.2,6.12,4.01,3.86,9.36,2.74,45.8,79.4,-0.7,15.8,24.4
128.0,20.7,23.49,42.0,97.1,4.89,5.3,10.34,2.29,19.52,62.2,34.0,6.4,17.2,3.2
113.7,30.2,25.89,19.5,13.8,6.23,4.08,2.4,6.76,3.84,44.6,40.3,2.3,25.8,53.0
110.1,11.0,36.72,41.1,102.9,4.25,8.05,9.52,0.54,22.59,70.4,44.6,-9.5,26.0,0.1
112.0,35.1,22.87,27.8,42.9,4.45,5.78,4.17,16.59,10.38,71.7,64.0,6.8,27.3,31.3
117.9,24.1,31.68,5.3,0.3,4.45,5.54,0.4,15.21,3.45,76.8,47.3,2.2,19.3,95.3
128.8,35.6,19.57,34.9,33.4,5.99,3.19,3.97,3.88,2.84,45.7,30.4,7.6,15.7,27.3
118.6,17.2,38.99,5.6,6.7,6.19,4.07,0.26,3.9,12.52,21.3,33.7,8.4,7.2,87.9
120.3,13.4,14.22,13.3,2.7,6.88,0.27,0.18,5.13,4.08,72.3,60.2,8.5,8.2,107.1
118.9,24.9,25.75,24.2,26.1,5.35,2.73,1.39,1.56,1.88,62.2,47.8,-1.6,13.2,62.3
112.1,27.6,16.63,23.7,27.6,5.53,3.36,2.11,11.29,4.41,52.3,42.0,7.5,17.7,65.3
115.4,20.1,38.11,19.1,17.6,4.52,0.14,1.96,4.16,10.73,46.5,71.7,17.7,18.2,68.7
123.0,33.2,18.89,40.7,109.0,5.07,6.8,11.92,2.98,15.74,31.5,76.2,1.0,11.9,2.5
129.8,12.2,10.45,22.0,17.1,4.81,5.7,2.22,18.08,5.1,76.3,56.6,11.8,2.7,46.7
120.6,37.8,21.04,44.5,100.2,6.68,8.43,9.38,2.15,15.05,25.7,68.3,1.5,17.3,9.2
127.3,26.5,34.43,25.7,32.3,5.98,7.54,2.83,10.75,9.12,68.6,64.8,3.8,26.8,18.3
110.1,39.6,38.13,25.7,41.7,5.92,2.85,3.29,2.74,7.29,21.6,55.3,7.5,11.5,30.9
128.9,31.2,11.6,36.4,116.3,5.28,8.19,9.34,0.95,17.35,64.6,47.1,5.7,2.4,6.3
124.3,35.9,18.57,27.8,46.1,4.29,6.17,3.11,14.82,5.72,33.0,68.9,6.3,21.2,24.4
112.1,10.8,14.18,9.1,3.8,5.44,6.72,0.6,9.66,13.03,36.8,51.1,-7.8,6.5,85.3
118.3,14.5,14.2,5.0,1.8,5.97,2.3,0.13,0.81,12.01,53.9,57.8,6.4,13.8,118.8
118.4,17.9,35.84,28.6,31.8,4.76,1.71,3.99,4.37,13.22,57.4,62.4,19.3,19.0,23.1
124.4,39.5,30.81,15.8,27.1,6.56,1.76,1.7,5.37,4.32,76.2,73.7,1.0,20.3,58.1
115.8,37.7,12.24,38.3,114.6,5.18,8.57,8.69,2.81,20.41,31.6,55.3,-9.0,9.4,1.4
127.0,18.6,36.85,44.4,114.5,5.11,7.69,9.83,0.78,20.08,61.9,78.5,7.0,0.2,7.0
129.8,15.5,12.13,7.1,6.6,5.94,7.66,0.17,9.1,0.49,22.5,40.3,19.0,28.5,110.0
118.1,22.9,30.96,43.5,95.3,6.13,5.0,11.81,2.57,22.36,38.3,73.1,3.0,22.7,9.0
127.5,15.2,29.28,27.4,30.4,5.05,0.35,3.8,9.44,11.43,41.8,74.5,17.8,10.8,29.7
111.3,35.1,38.97,16.5,13.1,5.24,5.27,1.47,16.28,5.69,65.0,65.5,-2.7,1.0,47.1
114.4,35.5,19.29,37.7,97.9,6.67,7.37,9.55,1.93,24.85,49.9,53.9,-2.9,16.3,2.8
113.6,11.4,34.93,30.8,52.5,6.44,1.58,3.56,10.85,4.56,29.2,75.8,6.7,13.2,22.8
124.7,23.2,16.1,4.7,6.9,5.55,3.49,0.74,11.14,3.17,24.8,35.5,3.7,22.6,118.4
110.4,31.8,23.3,12.3,7.4,6.85,2.89,0.53,0.78,4.32,59.9,61.3,-9.2,1.6,92.4
129.4,17.8,18.86,7.6,7.4,4.8,5.33,0.97,16.54,1.54,72.5,76.7,-0.0,0.7,109.4
116.6,14.2,34.49,21.3,20.7,6.11,7.37,1.65,18.55,0.29,31.2,58.9,1.8,8.2,49.9
122.5,10.7,21.82,24.8,24.9,6.28,3.71,1.25,1.68,3.99,78.3,62.5,-0.2,8.5,70.2
118.8,30.5,27.42,38.0,103.3,5.99,6.41,9.55,1.54,19.23,27.4,70.9,3.8,21.3,9.1
114.2,26.8,21.53,10.7,2.9,6.94,7.42,0.22,16.18,10.93,24.8,35.3,7.8,10.6,96.2
127.1,23.9,17.05,29.0,38.2,6.17,2.66,2.99,2.69,3.39,58.3,58.8,9.4,11.4,24.8
111.2,32.0,13.13,14.2,1.1,5.08,2.36,0.89,19.92,8.2,59.0,73.1,-7.6,5.8,106.4
113.2,31.3,19.11,24.3,28.0,5.27,2.64,2.23,10.44,11.74,21.7,55.3,10.9,14.1,72.4
111.1,34.7,38.76,37.2,105.4,5.66,8.8,11.85,0.71,20.41,61.4,44.6,-9.3,29.9,6.8
113.5,28.8,14.0,34.5,48.8,4.24,1.15,2.95,10.87,7.05,72.0,45.0,18.1,16.3,20.4
117.9,24.9,32.55,43.8,101.6,5.59,6.06,9.81,1.3,22.27,28.5,37.0,19.5,24.4,0.9
116.1,19.4,38.46,18.0,13.7,4.07,6.78,2.15,0.0,10.36,60.6,77.7,-7.9,25.8,69.6
126.5,29.1,20.09,37.7,108.6,4.48,8.68,10.67,0.44,15.88,59.5,68.9,8.7,17.4,7.5
114.2,11.7,17.23,20.2,17.5,6.69,0.8,1.78,7.0,4.28,22.3,44.4,12.7,2.7,65.5
127.9,25.3,17.41,32.7,47.4,6.92,1.0,4.01,16.21,11.45,32.4,54.2,12.4,29.2,23.2
125.3,11.6,14.62,7.9,5.8,5.7,6.34,0.51,9.17,6.27,78.3,78.8,12.1,25.3,93.5
124.2,37.0,38.62,27.9,44.6,6.1,4.24,3.05,16.71,0.72,40.5,72.8,-7.6,24.4,21.1
112.3,23.5,11.98,15.8,15.9,6.58,4.66,1.76,3.65,12.14,79.0,79.7,10.9,28.2,69.8
115.1,11.3,35.18,16.0,11.0,5.47,0.25,2.4,11.04,8.17,60.4,64.1,18.8,15.4,67.9
119.7,13.4,30.63,34.5,56.5,6.59,3.75,4.09,16.72,8.79,22.7,42.2,12.6,17.2,33.2
127.9,18.4,25.49,23.7,24.3,5.94,6.94,1.11,7.56,13.77,50.2,30.9,4.2,22.2,48.9
126.0,23.0,21.34,27.1,52.8,6.53,7.87,4.21,2.51,1.05,32.7,72.5,-8.9,18.1,19.9
127.0,38.2,27.73,24.4,11.5,5.51,7.82,1.8,1.0,4.6,73.4,59.5,7.6,10.5,68.0
110.2,15.0,27.21,12.2,8.7,4.61,4.88,0.56,17.41,11.4,70.3,63.8,-2.5,7.0,114.8
128.7,28.5,21.54,13.4,8.5,6.87,3.52,0.82,16.51,13.54,26.2,58.9,-5.6,3.9,89.9
123.4,29.5,29.16,41.2,110.6,5.4,9.53,10.9,1.24,15.42,62.4,62.4,-2.8,4.8,2.6
125.9,26.0,11.16,17.4,16.9,6.36,5.82,2.36,6.59,5.13,27.1,61.5,5.9,25.6,72.2
124.8,34.5,37.58,37.8,96.7,5.01,7.28,8.25,1.85,21.47,39.2,46.3,-3.4,26.3,1.7
123.8,15.2,16.32,9.9,8.6,6.3,6.76,0.25,7.96,5.95,51.1,30.0,-3.9,19.2,112.9
124.1,15.5,13.3,29.5,30.4,4.56,3.04,4.1,9.04,6.02,76.5,70.5,-4.4,2.3,19.7
126.2,38.2,13.89,42.3,119.0,6.26,7.49,8.8,0.32,15.55,60.3,75.6,2.5,28.3,6.9
124.8,35.1,34.68,23.0,22.6,4.26,6.49,1.42,5.73,13.15,75.5,30.7,-6.4,20.8,46.7
126.5,12.8,21.99,26.6,45.3,5.07,5.26,4.47,10.49,11.16,56.9,35.6,15.7,10.1,18.9
112.8,36.9,10.81,40.5,102.3,6.69,5.47,9.75,0.06,18.88,79.4,78.1,-3.3,29.9,9.9
122.3,36.2,25.61,5.4,5.1,6.84,1.34,0.88,8.86,13.93,77.0,32.2,-3.2,29.2,100.2
117.2,13.4,18.1,27.7,32.1,5.66,2.51,4.15,15.74,10.33,75.2,42.5,4.4,3.3,22.5
112.3,34.4,27.73,38.9,103.8,5.39,6.83,10.24,2.85,23.18,63.3,39.2,10.4,12.4,1.0
125.1,32.8,34.67,5.8,2.3,4.87,6.46,0.49,12.45,7.54,59.5,36.0,-7.4,6.7,99.6
127.6,20.1,18.95,25.1,43.6,6.75,5.68,3.81,9.15,0.54,44.5,31.8,1.7,24.4,22.1
121.0,21.1,36.47,34.4,38.5,5.28,7.12,2.85,13.66,7.31,25.7,48.8,-1.1,25.6,18.8
114.9,36.9,33.58,41.0,108.2,6.78,7.0,8.2,0.67,23.57,31.2,72.4,2.6,26.7,7.3
118.1,35.2,21.07,12.2,3.6,5.04,0.22,0.25,12.72,1.78,52.7,36.5,-1.2,17.1,107.3
122.3,10.9,29.37,39.8,112.1,6.53,6.17,9.0,1.5,21.25,44.4,53.6,5.7,23.9,7.3
129.6,37.5,13.69,14.9,7.9,6.08,5.0,0.94,17.7,10.39,23.6,69.8,1.3,1.2,97.5
125.5,14.5,37.44,36.9,102.2,5.11,5.0,11.86,1.2,24.72,24.4,67.0,17.8,23.8,8.9
121.3,35.2,18.25,22.8,20.8,5.66,4.25,1.25,1.42,13.89,79.5,61.1,8.8,4.5,50.6
111.2,38.7,35.37,10.4,2.7,5.73,2.06,0.22,17.26,2.73,35.1,68.2,-6.4,10.4,116.4
118.5,32.6,36.29,33.4,37.7,5.06,3.39,2.71,10.26,4.89,23.3,48.0,0.3,10.1,25.7
130.0,14.7,13.93,25.9,54.4,6.1,6.7,3.62,20.0,12.51,44.1,79.0,0.3,20.4,31.5
111.2,16.5,17.21,42.8,106.2,4.0,8.1,9.72,2.08,23.8,53.1,38.4,-9.5,25.2,5.0
116.7,39.8,38.54,41.3,95.8,6.56,6.73,10.43,1.62,20.62,55.2,75.5,3.3,3.5,0.8
116.7,38.0,26.72,32.1,33.3,5.14,7.62,2.92,0.37,11.48,68.9,34.2,6.7,10.4,31.1
119.2,37.7,12.75,38.2,103.7,4.96,5.47,10.45,2.04,21.18,50.1,73.2,-2.7,29.1,8.3
126.6,26.6,37.88,40.9,111.1,5.3,5.55,9.87,0.28,15.97,48.9,40.6,6.8,7.0,0.9
